#CHROM	POS	ID	REF	ALT	ESN_TOTAL_CNT	ESN_ALT_CNT	ESN_FRQ	ACB_TOTAL_CNT	ACB_ALT_CNT	ACB_FRQ	FIN_TOTAL_CNT	FIN_ALT_CNT	FIN_FRQ	PJL_TOTAL_CNT	PJL_ALT_CNT	PJL_FRQ	GBR_TOTAL_CNT	GBR_ALT_CNT	GBR_FRQ	CLM_TOTAL_CNT	CLM_ALT_CNT	CLM_FRQ	GWD_TOTAL_CNT	GWD_ALT_CNT	GWD_FRQ	CHS_TOTAL_CNT	CHS_ALT_CNT	CHS_FRQ	KHV_TOTAL_CNT	KHV_ALT_CNT	KHV_FRQ	PUR_TOTAL_CNT	PUR_ALT_CNT	PUR_FRQ	CHB_TOTAL_CNT	CHB_ALT_CNT	CHB_FRQ	BEB_TOTAL_CNT	BEB_ALT_CNT	BEB_FRQ	JPT_TOTAL_CNT	JPT_ALT_CNT	JPT_FRQ	ITU_TOTAL_CNT	ITU_ALT_CNT	ITU_FRQ	MSL_TOTAL_CNT	MSL_ALT_CNT	MSL_FRQ	IBS_TOTAL_CNT	IBS_ALT_CNT	IBS_FRQ	CDX_TOTAL_CNT	CDX_ALT_CNT	CDX_FRQ	PEL_TOTAL_CNT	PEL_ALT_CNT	PEL_FRQ	GIH_TOTAL_CNT	GIH_ALT_CNT	GIH_FRQ	LWK_TOTAL_CNT	LWK_ALT_CNT	LWK_FRQ	ASW_TOTAL_CNT	ASW_ALT_CNT	ASW_FRQ	CEU_TOTAL_CNT	CEU_ALT_CNT	CEU_FRQ	TSI_TOTAL_CNT	TSI_ALT_CNT	TSI_FRQ	STU_TOTAL_CNT	STU_ALT_CNT	STU_FRQ	MXL_TOTAL_CNT	MXL_ALT_CNT	MXL_FRQ	YRI_TOTAL_CNT	YRI_ALT_CNT	YRI_FRQ	ALL_TOTAL_CNT	ALL_ALT_CNT	ALL_FRQ
8	128747738	rs560576306	T	A	198	0	0.00	192	0	0.00	198	0	0.00	192	0	0.00	182	0	0.00	188	0	0.00	226	0	0.00	210	0	0.00	198	0	0.00	208	0	0.00	206	0	0.00	172	0	0.00	208	0	0.00	204	0	0.00	170	0	0.00	214	0	0.00	186	0	0.00	170	0	0.00	206	1	0.00	198	0	0.00	122	0	0.00	198	0	0.00	214	0	0.00	204	2	0.01	128	0	0.00	216	0	0.00	5008	3	0.00	
8	128747769	rs572448525	G	T	198	0	0.00	192	0	0.00	198	0	0.00	192	0	0.00	182	0	0.00	188	1	0.01	226	0	0.00	210	0	0.00	198	0	0.00	208	0	0.00	206	0	0.00	172	0	0.00	208	0	0.00	204	0	0.00	170	0	0.00	214	0	0.00	186	0	0.00	170	0	0.00	206	0	0.00	198	0	0.00	122	0	0.00	198	0	0.00	214	0	0.00	204	0	0.00	128	0	0.00	216	0	0.00	5008	1	0.00	
8	128747786	rs546283688	C	G	198	0	0.00	192	0	0.00	198	0	0.00	192	0	0.00	182	0	0.00	188	0	0.00	226	0	0.00	210	1	0.00	198	0	0.00	208	0	0.00	206	1	0.00	172	0	0.00	208	0	0.00	204	0	0.00	170	0	0.00	214	0	0.00	186	2	0.01	170	0	0.00	206	0	0.00	198	0	0.00	122	0	0.00	198	0	0.00	214	0	0.00	204	0	0.00	128	0	0.00	216	0	0.00	5008	4	0.00	
8	128747853	rs564482328	T	C	198	0	0.00	192	0	0.00	198	0	0.00	192	0	0.00	182	0	0.00	188	0	0.00	226	0	0.00	210	0	0.00	198	0	0.00	208	1	0.00	206	0	0.00	172	0	0.00	208	0	0.00	204	0	0.00	170	0	0.00	214	0	0.00	186	0	0.00	170	0	0.00	206	0	0.00	198	0	0.00	122	0	0.00	198	0	0.00	214	0	0.00	204	0	0.00	128	0	0.00	216	0	0.00	5008	1	0.00	
8	128747888	rs4645945	C	G	198	19	0.10	192	5	0.03	198	0	0.00	192	0	0.00	182	0	0.00	188	2	0.01	226	0	0.00	210	0	0.00	198	0	0.00	208	0	0.00	206	0	0.00	172	0	0.00	208	0	0.00	204	0	0.00	170	0	0.00	214	0	0.00	186	0	0.00	170	0	0.00	206	0	0.00	198	6	0.03	122	7	0.06	198	0	0.00	214	0	0.00	204	0	0.00	128	0	0.00	216	9	0.04	5008	48	0.01	
8	128747953	rs3824120	G	T	198	12	0.06	192	6	0.03	198	21	0.11	192	23	0.12	182	28	0.15	188	30	0.16	226	5	0.02	210	34	0.16	198	24	0.12	208	14	0.07	206	37	0.18	172	34	0.20	208	21	0.10	204	52	0.25	170	1	0.01	214	28	0.13	186	32	0.17	170	46	0.27	206	36	0.17	198	4	0.02	122	4	0.03	198	27	0.14	214	19	0.09	204	30	0.15	128	41	0.32	216	3	0.01	5008	612	0.12	
8	128747988	rs562023036	A	G	198	1	0.01	192	0	0.00	198	0	0.00	192	0	0.00	182	0	0.00	188	0	0.00	226	0	0.00	210	0	0.00	198	0	0.00	208	0	0.00	206	0	0.00	172	0	0.00	208	0	0.00	204	0	0.00	170	0	0.00	214	0	0.00	186	0	0.00	170	0	0.00	206	0	0.00	198	0	0.00	122	0	0.00	198	0	0.00	214	0	0.00	204	0	0.00	128	0	0.00	216	0	0.00	5008	1	0.00	
8	128747991	rs529583325	C	T	198	0	0.00	192	0	0.00	198	0	0.00	192	0	0.00	182	0	0.00	188	0	0.00	226	0	0.00	210	0	0.00	198	1	0.01	208	0	0.00	206	0	0.00	172	0	0.00	208	0	0.00	204	0	0.00	170	0	0.00	214	0	0.00	186	0	0.00	170	0	0.00	206	0	0.00	198	0	0.00	122	0	0.00	198	0	0.00	214	0	0.00	204	0	0.00	128	0	0.00	216	0	0.00	5008	1	0.00	
8	128748020	rs547778174	C	T	198	0	0.00	192	0	0.00	198	0	0.00	192	1	0.01	182	0	0.00	188	0	0.00	226	0	0.00	210	0	0.00	198	0	0.00	208	0	0.00	206	0	0.00	172	0	0.00	208	0	0.00	204	0	0.00	170	0	0.00	214	0	0.00	186	0	0.00	170	0	0.00	206	0	0.00	198	0	0.00	122	0	0.00	198	0	0.00	214	0	0.00	204	0	0.00	128	0	0.00	216	0	0.00	5008	1	0.00	
8	128748041	rs566465558	G	C	198	1	0.01	192	0	0.00	198	0	0.00	192	0	0.00	182	0	0.00	188	0	0.00	226	0	0.00	210	0	0.00	198	0	0.00	208	0	0.00	206	0	0.00	172	0	0.00	208	0	0.00	204	0	0.00	170	0	0.00	214	0	0.00	186	0	0.00	170	0	0.00	206	0	0.00	198	0	0.00	122	0	0.00	198	0	0.00	214	0	0.00	204	0	0.00	128	0	0.00	216	0	0.00	5008	1	0.00	
8	128748068	rs117576103	G	A	198	0	0.00	192	0	0.00	198	1	0.01	192	0	0.00	182	1	0.01	188	0	0.00	226	0	0.00	210	0	0.00	198	0	0.00	208	0	0.00	206	0	0.00	172	0	0.00	208	0	0.00	204	0	0.00	170	0	0.00	214	1	0.00	186	0	0.00	170	0	0.00	206	2	0.01	198	0	0.00	122	0	0.00	198	3	0.02	214	0	0.00	204	0	0.00	128	0	0.00	216	0	0.00	5008	8	0.00	
8	128748109	rs531737369	GCT	G	198	0	0.00	192	0	0.00	198	0	0.00	192	1	0.01	182	0	0.00	188	0	0.00	226	0	0.00	210	0	0.00	198	0	0.00	208	0	0.00	206	0	0.00	172	0	0.00	208	0	0.00	204	1	0.00	170	0	0.00	214	0	0.00	186	0	0.00	170	0	0.00	206	0	0.00	198	0	0.00	122	0	0.00	198	0	0.00	214	0	0.00	204	2	0.01	128	0	0.00	216	0	0.00	5008	4	0.00	
8	128748119	rs199883308	T	C	198	0	0.00	192	0	0.00	198	0	0.00	192	0	0.00	182	0	0.00	188	0	0.00	226	0	0.00	210	0	0.00	198	0	0.00	208	0	0.00	206	0	0.00	172	0	0.00	208	0	0.00	204	0	0.00	170	0	0.00	214	0	0.00	186	0	0.00	170	0	0.00	206	0	0.00	198	0	0.00	122	0	0.00	198	0	0.00	214	1	0.00	204	0	0.00	128	0	0.00	216	0	0.00	5008	1	0.00	
8	128748155	rs570523723	C	G	198	0	0.00	192	0	0.00	198	0	0.00	192	0	0.00	182	0	0.00	188	0	0.00	226	0	0.00	210	0	0.00	198	0	0.00	208	0	0.00	206	0	0.00	172	1	0.01	208	0	0.00	204	0	0.00	170	0	0.00	214	0	0.00	186	0	0.00	170	0	0.00	206	0	0.00	198	0	0.00	122	0	0.00	198	0	0.00	214	0	0.00	204	0	0.00	128	0	0.00	216	0	0.00	5008	1	0.00	
8	128748178	rs538014647	C	T	198	0	0.00	192	0	0.00	198	0	0.00	192	0	0.00	182	0	0.00	188	0	0.00	226	1	0.00	210	0	0.00	198	0	0.00	208	0	0.00	206	0	0.00	172	0	0.00	208	0	0.00	204	0	0.00	170	0	0.00	214	0	0.00	186	0	0.00	170	0	0.00	206	0	0.00	198	0	0.00	122	0	0.00	198	0	0.00	214	0	0.00	204	0	0.00	128	0	0.00	216	0	0.00	5008	1	0.00	
8	128748214	rs556426105	C	G	198	0	0.00	192	0	0.00	198	0	0.00	192	0	0.00	182	0	0.00	188	0	0.00	226	0	0.00	210	0	0.00	198	0	0.00	208	0	0.00	206	0	0.00	172	0	0.00	208	0	0.00	204	0	0.00	170	0	0.00	214	0	0.00	186	0	0.00	170	0	0.00	206	0	0.00	198	1	0.01	122	0	0.00	198	0	0.00	214	0	0.00	204	0	0.00	128	0	0.00	216	0	0.00	5008	1	0.00	
8	128748256	rs548552831	C	A	198	0	0.00	192	0	0.00	198	0	0.00	192	0	0.00	182	0	0.00	188	0	0.00	226	0	0.00	210	0	0.00	198	0	0.00	208	0	0.00	206	0	0.00	172	0	0.00	208	0	0.00	204	0	0.00	170	0	0.00	214	0	0.00	186	0	0.00	170	0	0.00	206	0	0.00	198	0	0.00	122	0	0.00	198	2	0.01	214	1	0.00	204	0	0.00	128	0	0.00	216	0	0.00	5008	3	0.00	
8	128748307	rs7015537	C	G,T	198	0,0	0.00,0.00	192	0,0	0.00,0.00	198	0,0	0.00,0.00	192	0,0	0.00,0.00	182	0,0	0.00,0.00	188	1,0	0.01,0.00	226	0,0	0.00,0.00	210	0,0	0.00,0.00	198	0,0	0.00,0.00	208	0,0	0.00,0.00	206	0,1	0.00,0.00	172	0,0	0.00,0.00	208	0,0	0.00,0.00	204	0,1	0.00,0.00	170	0,2	0.00,0.01	214	0,0	0.00,0.00	186	0,0	0.00,0.00	170	2,0	0.01,0.00	206	0,0	0.00,0.00	198	0,0	0.00,0.00	122	0,0	0.00,0.00	198	0,0	0.00,0.00	214	0,0	0.00,0.00	204	0,1	0.00,0.00	128	0,0	0.00,0.00	216	0,1	0.00,0.00	5008	3,6	0.00,0.00	
8	128748318	rs572416137	C	T	198	0	0.00	192	0	0.00	198	0	0.00	192	0	0.00	182	0	0.00	188	0	0.00	226	0	0.00	210	0	0.00	198	0	0.00	208	0	0.00	206	0	0.00	172	0	0.00	208	0	0.00	204	1	0.00	170	0	0.00	214	0	0.00	186	0	0.00	170	0	0.00	206	0	0.00	198	0	0.00	122	0	0.00	198	0	0.00	214	0	0.00	204	0	0.00	128	0	0.00	216	0	0.00	5008	1	0.00	
8	128748336	rs73707291	G	C	198	4	0.02	192	3	0.02	198	0	0.00	192	0	0.00	182	0	0.00	188	0	0.00	226	16	0.07	210	0	0.00	198	0	0.00	208	0	0.00	206	0	0.00	172	0	0.00	208	0	0.00	204	0	0.00	170	8	0.05	214	0	0.00	186	0	0.00	170	0	0.00	206	0	0.00	198	5	0.03	122	1	0.01	198	0	0.00	214	0	0.00	204	0	0.00	128	0	0.00	216	8	0.04	5008	45	0.01	
8	128748385	rs4645946	G	A	198	13	0.07	192	7	0.04	198	3	0.02	192	3	0.02	182	3	0.02	188	1	0.01	226	11	0.05	210	0	0.00	198	0	0.00	208	2	0.01	206	0	0.00	172	1	0.01	208	0	0.00	204	2	0.01	170	6	0.04	214	1	0.00	186	0	0.00	170	1	0.01	206	7	0.03	198	15	0.08	122	4	0.03	198	5	0.03	214	5	0.02	204	3	0.01	128	3	0.02	216	14	0.06	5008	110	0.02	
8	128748406	rs576158247	A	C	198	0	0.00	192	0	0.00	198	0	0.00	192	2	0.01	182	0	0.00	188	0	0.00	226	0	0.00	210	0	0.00	198	0	0.00	208	0	0.00	206	0	0.00	172	0	0.00	208	0	0.00	204	0	0.00	170	0	0.00	214	0	0.00	186	0	0.00	170	0	0.00	206	0	0.00	198	0	0.00	122	0	0.00	198	0	0.00	214	0	0.00	204	1	0.00	128	0	0.00	216	0	0.00	5008	3	0.00	
8	128748436	rs543595570	G	A	198	0	0.00	192	0	0.00	198	0	0.00	192	0	0.00	182	0	0.00	188	0	0.00	226	0	0.00	210	0	0.00	198	0	0.00	208	0	0.00	206	1	0.00	172	0	0.00	208	0	0.00	204	0	0.00	170	0	0.00	214	0	0.00	186	0	0.00	170	0	0.00	206	0	0.00	198	0	0.00	122	0	0.00	198	0	0.00	214	0	0.00	204	0	0.00	128	0	0.00	216	0	0.00	5008	1	0.00	
8	128748466	rs149689040	G	T	198	0	0.00	192	0	0.00	198	0	0.00	192	0	0.00	182	0	0.00	188	0	0.00	226	0	0.00	210	0	0.00	198	0	0.00	208	0	0.00	206	1	0.00	172	0	0.00	208	0	0.00	204	0	0.00	170	0	0.00	214	0	0.00	186	0	0.00	170	0	0.00	206	0	0.00	198	0	0.00	122	0	0.00	198	0	0.00	214	0	0.00	204	0	0.00	128	0	0.00	216	0	0.00	5008	1	0.00	
8	128748494	rs117856857	C	G	198	0	0.00	192	0	0.00	198	3	0.02	192	0	0.00	182	4	0.02	188	4	0.02	226	0	0.00	210	0	0.00	198	0	0.00	208	2	0.01	206	0	0.00	172	1	0.01	208	0	0.00	204	1	0.00	170	0	0.00	214	4	0.02	186	0	0.00	170	0	0.00	206	0	0.00	198	0	0.00	122	0	0.00	198	4	0.02	214	2	0.01	204	0	0.00	128	4	0.03	216	0	0.00	5008	29	0.01	
8	128748498	rs4645948	C	T	198	1	0.01	192	7	0.04	198	0	0.00	192	17	0.09	182	4	0.02	188	17	0.09	226	3	0.01	210	36	0.17	198	31	0.16	208	6	0.03	206	31	0.15	172	15	0.09	208	26	0.12	204	19	0.09	170	6	0.04	214	3	0.01	186	22	0.12	170	9	0.05	206	24	0.12	198	8	0.04	122	1	0.01	198	6	0.03	214	7	0.03	204	29	0.14	128	9	0.07	216	0	0.00	5008	337	0.07	
8	128748526	rs559856816	C	G	198	0	0.00	192	0	0.00	198	0	0.00	192	0	0.00	182	0	0.00	188	0	0.00	226	1	0.00	210	0	0.00	198	1	0.01	208	0	0.00	206	0	0.00	172	0	0.00	208	0	0.00	204	0	0.00	170	0	0.00	214	0	0.00	186	0	0.00	170	0	0.00	206	0	0.00	198	0	0.00	122	0	0.00	198	0	0.00	214	0	0.00	204	0	0.00	128	0	0.00	216	0	0.00	5008	2	0.00	
8	128748577	rs527300420	G	A	198	0	0.00	192	0	0.00	198	0	0.00	192	0	0.00	182	0	0.00	188	0	0.00	226	0	0.00	210	0	0.00	198	0	0.00	208	0	0.00	206	0	0.00	172	0	0.00	208	0	0.00	204	0	0.00	170	0	0.00	214	0	0.00	186	0	0.00	170	0	0.00	206	0	0.00	198	0	0.00	122	0	0.00	198	1	0.01	214	1	0.00	204	0	0.00	128	0	0.00	216	0	0.00	5008	2	0.00	
8	128748584	rs551911756	G	C	198	0	0.00	192	0	0.00	198	0	0.00	192	0	0.00	182	0	0.00	188	0	0.00	226	0	0.00	210	0	0.00	198	0	0.00	208	0	0.00	206	0	0.00	172	0	0.00	208	0	0.00	204	0	0.00	170	0	0.00	214	0	0.00	186	3	0.02	170	0	0.00	206	0	0.00	198	0	0.00	122	0	0.00	198	0	0.00	214	0	0.00	204	0	0.00	128	0	0.00	216	0	0.00	5008	3	0.00	
8	128748588	rs73707292	C	G	198	4	0.02	192	3	0.02	198	0	0.00	192	0	0.00	182	0	0.00	188	0	0.00	226	16	0.07	210	0	0.00	198	0	0.00	208	0	0.00	206	0	0.00	172	0	0.00	208	0	0.00	204	0	0.00	170	8	0.05	214	0	0.00	186	0	0.00	170	0	0.00	206	0	0.00	198	5	0.03	122	1	0.01	198	0	0.00	214	0	0.00	204	0	0.00	128	0	0.00	216	8	0.04	5008	45	0.01	
8	128748589	rs531476381	G	A	198	0	0.00	192	0	0.00	198	0	0.00	192	0	0.00	182	0	0.00	188	0	0.00	226	0	0.00	210	0	0.00	198	0	0.00	208	0	0.00	206	0	0.00	172	0	0.00	208	0	0.00	204	0	0.00	170	0	0.00	214	1	0.00	186	0	0.00	170	0	0.00	206	0	0.00	198	0	0.00	122	0	0.00	198	0	0.00	214	0	0.00	204	0	0.00	128	0	0.00	216	0	0.00	5008	1	0.00	
8	128748695	rs550000037	G	C	198	0	0.00	192	0	0.00	198	0	0.00	192	0	0.00	182	0	0.00	188	0	0.00	226	0	0.00	210	0	0.00	198	0	0.00	208	0	0.00	206	0	0.00	172	0	0.00	208	0	0.00	204	0	0.00	170	0	0.00	214	0	0.00	186	0	0.00	170	1	0.01	206	0	0.00	198	0	0.00	122	0	0.00	198	0	0.00	214	0	0.00	204	0	0.00	128	0	0.00	216	0	0.00	5008	1	0.00	
8	128748708	rs568267700	T	C	198	0	0.00	192	0	0.00	198	0	0.00	192	0	0.00	182	0	0.00	188	0	0.00	226	0	0.00	210	0	0.00	198	0	0.00	208	0	0.00	206	0	0.00	172	0	0.00	208	0	0.00	204	0	0.00	170	1	0.01	214	0	0.00	186	0	0.00	170	0	0.00	206	0	0.00	198	0	0.00	122	0	0.00	198	0	0.00	214	0	0.00	204	0	0.00	128	0	0.00	216	0	0.00	5008	1	0.00	
8	128748727	rs535709985	G	A	198	0	0.00	192	0	0.00	198	0	0.00	192	0	0.00	182	0	0.00	188	0	0.00	226	0	0.00	210	0	0.00	198	0	0.00	208	0	0.00	206	0	0.00	172	0	0.00	208	0	0.00	204	0	0.00	170	0	0.00	214	0	0.00	186	0	0.00	170	0	0.00	206	0	0.00	198	1	0.01	122	0	0.00	198	0	0.00	214	0	0.00	204	0	0.00	128	0	0.00	216	0	0.00	5008	1	0.00	
8	128748728	rs554049915	C	G	198	1	0.01	192	0	0.00	198	0	0.00	192	0	0.00	182	0	0.00	188	0	0.00	226	0	0.00	210	0	0.00	198	0	0.00	208	0	0.00	206	0	0.00	172	0	0.00	208	0	0.00	204	0	0.00	170	0	0.00	214	0	0.00	186	0	0.00	170	0	0.00	206	0	0.00	198	0	0.00	122	0	0.00	198	0	0.00	214	0	0.00	204	0	0.00	128	0	0.00	216	0	0.00	5008	1	0.00	
8	128748744	rs4645949	C	T	198	0	0.00	192	0	0.00	198	4	0.02	192	0	0.00	182	0	0.00	188	3	0.02	226	0	0.00	210	0	0.00	198	0	0.00	208	5	0.02	206	0	0.00	172	0	0.00	208	0	0.00	204	0	0.00	170	0	0.00	214	1	0.00	186	0	0.00	170	1	0.01	206	0	0.00	198	0	0.00	122	0	0.00	198	2	0.01	214	4	0.02	204	0	0.00	128	2	0.02	216	0	0.00	5008	22	0.00	
8	128748750	rs190092855	C	T	198	0	0.00	192	0	0.00	198	0	0.00	192	0	0.00	182	0	0.00	188	0	0.00	226	0	0.00	210	0	0.00	198	0	0.00	208	0	0.00	206	0	0.00	172	0	0.00	208	0	0.00	204	0	0.00	170	0	0.00	214	0	0.00	186	0	0.00	170	0	0.00	206	0	0.00	198	1	0.01	122	0	0.00	198	0	0.00	214	0	0.00	204	0	0.00	128	0	0.00	216	0	0.00	5008	1	0.00	
8	128748752	rs557901268	G	T	198	0	0.00	192	0	0.00	198	0	0.00	192	0	0.00	182	0	0.00	188	0	0.00	226	0	0.00	210	0	0.00	198	0	0.00	208	0	0.00	206	1	0.00	172	0	0.00	208	0	0.00	204	0	0.00	170	0	0.00	214	0	0.00	186	0	0.00	170	0	0.00	206	0	0.00	198	0	0.00	122	0	0.00	198	0	0.00	214	0	0.00	204	0	0.00	128	0	0.00	216	0	0.00	5008	1	0.00	
8	128748760	rs576124632	A	G	198	0	0.00	192	0	0.00	198	0	0.00	192	1	0.01	182	0	0.00	188	0	0.00	226	0	0.00	210	0	0.00	198	0	0.00	208	0	0.00	206	0	0.00	172	0	0.00	208	0	0.00	204	0	0.00	170	0	0.00	214	0	0.00	186	0	0.00	170	0	0.00	206	0	0.00	198	0	0.00	122	0	0.00	198	0	0.00	214	0	0.00	204	0	0.00	128	0	0.00	216	0	0.00	5008	1	0.00	
8	128748766	rs543513193	C	A	198	0	0.00	192	0	0.00	198	0	0.00	192	0	0.00	182	0	0.00	188	0	0.00	226	1	0.00	210	0	0.00	198	0	0.00	208	0	0.00	206	0	0.00	172	0	0.00	208	0	0.00	204	0	0.00	170	0	0.00	214	0	0.00	186	0	0.00	170	0	0.00	206	0	0.00	198	0	0.00	122	0	0.00	198	0	0.00	214	0	0.00	204	0	0.00	128	0	0.00	216	0	0.00	5008	1	0.00	
8	128748817	rs373577293	C	T	198	0	0.00	192	0	0.00	198	0	0.00	192	0	0.00	182	0	0.00	188	0	0.00	226	3	0.01	210	0	0.00	198	0	0.00	208	0	0.00	206	0	0.00	172	0	0.00	208	0	0.00	204	0	0.00	170	1	0.01	214	0	0.00	186	0	0.00	170	0	0.00	206	0	0.00	198	0	0.00	122	0	0.00	198	0	0.00	214	0	0.00	204	0	0.00	128	0	0.00	216	0	0.00	5008	4	0.00	
8	128748872	rs201238897	A	G	198	0	0.00	192	0	0.00	198	0	0.00	192	0	0.00	182	0	0.00	188	0	0.00	226	0	0.00	210	0	0.00	198	0	0.00	208	0	0.00	206	1	0.00	172	0	0.00	208	0	0.00	204	0	0.00	170	0	0.00	214	0	0.00	186	0	0.00	170	0	0.00	206	0	0.00	198	0	0.00	122	0	0.00	198	0	0.00	214	0	0.00	204	0	0.00	128	0	0.00	216	0	0.00	5008	1	0.00	
8	128748992	rs541331885	G	A	198	0	0.00	192	0	0.00	198	0	0.00	192	0	0.00	182	0	0.00	188	0	0.00	226	0	0.00	210	0	0.00	198	0	0.00	208	0	0.00	206	0	0.00	172	0	0.00	208	0	0.00	204	0	0.00	170	0	0.00	214	1	0.00	186	0	0.00	170	0	0.00	206	0	0.00	198	0	0.00	122	0	0.00	198	0	0.00	214	0	0.00	204	0	0.00	128	0	0.00	216	0	0.00	5008	1	0.00	
8	128748993	rs140142417	T	C	198	0	0.00	192	0	0.00	198	0	0.00	192	0	0.00	182	0	0.00	188	0	0.00	226	0	0.00	210	0	0.00	198	0	0.00	208	0	0.00	206	0	0.00	172	0	0.00	208	0	0.00	204	0	0.00	170	0	0.00	214	0	0.00	186	0	0.00	170	0	0.00	206	0	0.00	198	3	0.02	122	0	0.00	198	0	0.00	214	0	0.00	204	0	0.00	128	0	0.00	216	0	0.00	5008	3	0.00	
8	128748998	rs533487784	A	G	198	0	0.00	192	0	0.00	198	0	0.00	192	0	0.00	182	0	0.00	188	0	0.00	226	0	0.00	210	0	0.00	198	0	0.00	208	0	0.00	206	0	0.00	172	0	0.00	208	0	0.00	204	0	0.00	170	0	0.00	214	0	0.00	186	0	0.00	170	0	0.00	206	0	0.00	198	1	0.01	122	0	0.00	198	0	0.00	214	0	0.00	204	0	0.00	128	0	0.00	216	0	0.00	5008	1	0.00	
8	128749018	rs73707293	G	C,T	198	2,0	0.01,0.00	192	3,0	0.02,0.00	198	0,0	0.00,0.00	192	0,0	0.00,0.00	182	0,0	0.00,0.00	188	0,0	0.00,0.00	226	14,0	0.06,0.00	210	0,2	0.00,0.01	198	0,0	0.00,0.00	208	0,0	0.00,0.00	206	0,0	0.00,0.00	172	0,0	0.00,0.00	208	0,0	0.00,0.00	204	0,0	0.00,0.00	170	8,0	0.05,0.00	214	0,0	0.00,0.00	186	0,2	0.00,0.01	170	0,0	0.00,0.00	206	0,0	0.00,0.00	198	5,0	0.03,0.00	122	1,0	0.01,0.00	198	0,0	0.00,0.00	214	0,0	0.00,0.00	204	0,0	0.00,0.00	128	0,0	0.00,0.00	216	7,0	0.03,0.00	5008	40,4	0.01,0.00	
8	128749023	rs2071346	G	T	198	42	0.21	192	39	0.20	198	5	0.03	192	19	0.10	182	4	0.02	188	20	0.11	226	35	0.15	210	53	0.25	198	41	0.21	208	16	0.08	206	41	0.20	172	22	0.13	208	32	0.15	204	23	0.11	170	28	0.16	214	3	0.01	186	32	0.17	170	9	0.05	206	37	0.18	198	35	0.18	122	19	0.16	198	6	0.03	214	7	0.03	204	31	0.15	128	9	0.07	216	32	0.15	5008	640	0.13	
8	128749028	rs549914515	C	A	198	0	0.00	192	0	0.00	198	0	0.00	192	1	0.01	182	0	0.00	188	0	0.00	226	0	0.00	210	0	0.00	198	0	0.00	208	0	0.00	206	0	0.00	172	1	0.01	208	0	0.00	204	0	0.00	170	0	0.00	214	0	0.00	186	0	0.00	170	0	0.00	206	0	0.00	198	0	0.00	122	0	0.00	198	0	0.00	214	0	0.00	204	0	0.00	128	0	0.00	216	0	0.00	5008	2	0.00	
8	128749040	rs4645950	C	G	198	0	0.00	192	0	0.00	198	5	0.03	192	0	0.00	182	3	0.02	188	1	0.01	226	0	0.00	210	0	0.00	198	0	0.00	208	2	0.01	206	0	0.00	172	1	0.01	208	0	0.00	204	0	0.00	170	0	0.00	214	3	0.01	186	0	0.00	170	0	0.00	206	0	0.00	198	0	0.00	122	0	0.00	198	3	0.02	214	7	0.03	204	0	0.00	128	0	0.00	216	0	0.00	5008	25	0.00	
8	128749041	rs529123559	G	A	198	0	0.00	192	0	0.00	198	0	0.00	192	0	0.00	182	0	0.00	188	0	0.00	226	0	0.00	210	1	0.00	198	0	0.00	208	0	0.00	206	0	0.00	172	0	0.00	208	0	0.00	204	0	0.00	170	0	0.00	214	0	0.00	186	0	0.00	170	0	0.00	206	0	0.00	198	0	0.00	122	0	0.00	198	0	0.00	214	0	0.00	204	0	0.00	128	0	0.00	216	0	0.00	5008	1	0.00	
8	128749097	rs4645952	G	A	198	1	0.01	192	1	0.01	198	0	0.00	192	0	0.00	182	0	0.00	188	0	0.00	226	1	0.00	210	0	0.00	198	0	0.00	208	0	0.00	206	0	0.00	172	0	0.00	208	0	0.00	204	0	0.00	170	4	0.02	214	0	0.00	186	0	0.00	170	0	0.00	206	0	0.00	198	10	0.05	122	1	0.01	198	0	0.00	214	0	0.00	204	0	0.00	128	0	0.00	216	4	0.02	5008	22	0.00	
8	128749106	rs550161040	A	AC	198	1	0.01	192	1	0.01	198	0	0.00	192	0	0.00	182	0	0.00	188	0	0.00	226	1	0.00	210	0	0.00	198	0	0.00	208	0	0.00	206	1	0.00	172	0	0.00	208	0	0.00	204	0	0.00	170	2	0.01	214	0	0.00	186	0	0.00	170	0	0.00	206	0	0.00	198	3	0.02	122	0	0.00	198	0	0.00	214	0	0.00	204	0	0.00	128	0	0.00	216	3	0.01	5008	12	0.00	
8	128749205	rs565949521	G	C	198	0	0.00	192	0	0.00	198	0	0.00	192	0	0.00	182	1	0.01	188	0	0.00	226	0	0.00	210	0	0.00	198	0	0.00	208	0	0.00	206	0	0.00	172	0	0.00	208	0	0.00	204	0	0.00	170	0	0.00	214	0	0.00	186	0	0.00	170	0	0.00	206	0	0.00	198	0	0.00	122	0	0.00	198	0	0.00	214	0	0.00	204	0	0.00	128	0	0.00	216	0	0.00	5008	1	0.00	
8	128749225	rs539392826	C	A	198	0	0.00	192	0	0.00	198	0	0.00	192	0	0.00	182	1	0.01	188	0	0.00	226	0	0.00	210	0	0.00	198	0	0.00	208	0	0.00	206	0	0.00	172	0	0.00	208	0	0.00	204	0	0.00	170	0	0.00	214	0	0.00	186	0	0.00	170	0	0.00	206	0	0.00	198	0	0.00	122	0	0.00	198	0	0.00	214	0	0.00	204	0	0.00	128	0	0.00	216	0	0.00	5008	1	0.00	
8	128749270	rs558084126	A	T	198	0	0.00	192	0	0.00	198	0	0.00	192	0	0.00	182	0	0.00	188	0	0.00	226	0	0.00	210	1	0.00	198	0	0.00	208	0	0.00	206	0	0.00	172	0	0.00	208	0	0.00	204	0	0.00	170	0	0.00	214	0	0.00	186	0	0.00	170	0	0.00	206	0	0.00	198	0	0.00	122	0	0.00	198	0	0.00	214	0	0.00	204	0	0.00	128	0	0.00	216	0	0.00	5008	1	0.00	
8	128749271	rs569723870	C	T	198	0	0.00	192	0	0.00	198	0	0.00	192	0	0.00	182	0	0.00	188	0	0.00	226	0	0.00	210	0	0.00	198	0	0.00	208	0	0.00	206	0	0.00	172	0	0.00	208	0	0.00	204	0	0.00	170	0	0.00	214	0	0.00	186	0	0.00	170	0	0.00	206	4	0.02	198	0	0.00	122	0	0.00	198	0	0.00	214	0	0.00	204	0	0.00	128	0	0.00	216	0	0.00	5008	4	0.00	
8	128749308	rs537112652	C	A	198	0	0.00	192	0	0.00	198	0	0.00	192	0	0.00	182	0	0.00	188	0	0.00	226	0	0.00	210	0	0.00	198	0	0.00	208	0	0.00	206	0	0.00	172	0	0.00	208	0	0.00	204	0	0.00	170	1	0.01	214	0	0.00	186	0	0.00	170	0	0.00	206	0	0.00	198	0	0.00	122	0	0.00	198	0	0.00	214	0	0.00	204	0	0.00	128	0	0.00	216	0	0.00	5008	1	0.00	
8	128749315	rs555463064	T	C	198	0	0.00	192	1	0.01	198	0	0.00	192	0	0.00	182	0	0.00	188	0	0.00	226	0	0.00	210	0	0.00	198	0	0.00	208	0	0.00	206	0	0.00	172	0	0.00	208	0	0.00	204	0	0.00	170	0	0.00	214	0	0.00	186	0	0.00	170	0	0.00	206	0	0.00	198	1	0.01	122	1	0.01	198	0	0.00	214	0	0.00	204	0	0.00	128	1	0.01	216	0	0.00	5008	4	0.00	
8	128749322	rs573822249	C	A	198	0	0.00	192	0	0.00	198	0	0.00	192	0	0.00	182	0	0.00	188	0	0.00	226	0	0.00	210	0	0.00	198	0	0.00	208	0	0.00	206	0	0.00	172	0	0.00	208	0	0.00	204	0	0.00	170	0	0.00	214	0	0.00	186	2	0.01	170	0	0.00	206	0	0.00	198	0	0.00	122	0	0.00	198	0	0.00	214	0	0.00	204	0	0.00	128	0	0.00	216	0	0.00	5008	2	0.00	
8	128749358	rs541595179	A	G	198	0	0.00	192	0	0.00	198	0	0.00	192	0	0.00	182	0	0.00	188	0	0.00	226	0	0.00	210	1	0.00	198	0	0.00	208	0	0.00	206	0	0.00	172	0	0.00	208	0	0.00	204	0	0.00	170	0	0.00	214	0	0.00	186	0	0.00	170	0	0.00	206	0	0.00	198	0	0.00	122	0	0.00	198	0	0.00	214	0	0.00	204	0	0.00	128	0	0.00	216	0	0.00	5008	1	0.00	
8	128749382	rs553330039	C	G	198	0	0.00	192	0	0.00	198	0	0.00	192	0	0.00	182	0	0.00	188	0	0.00	226	1	0.00	210	0	0.00	198	0	0.00	208	0	0.00	206	0	0.00	172	0	0.00	208	0	0.00	204	0	0.00	170	0	0.00	214	0	0.00	186	0	0.00	170	0	0.00	206	0	0.00	198	0	0.00	122	0	0.00	198	0	0.00	214	0	0.00	204	0	0.00	128	0	0.00	216	0	0.00	5008	1	0.00	
8	128749385	rs578195374	C	G	198	0	0.00	192	0	0.00	198	0	0.00	192	0	0.00	182	0	0.00	188	0	0.00	226	0	0.00	210	0	0.00	198	0	0.00	208	0	0.00	206	0	0.00	172	1	0.01	208	0	0.00	204	0	0.00	170	0	0.00	214	0	0.00	186	0	0.00	170	0	0.00	206	0	0.00	198	0	0.00	122	0	0.00	198	0	0.00	214	0	0.00	204	0	0.00	128	0	0.00	216	0	0.00	5008	1	0.00	
8	128749406	rs143766674	C	T	198	0	0.00	192	0	0.00	198	0	0.00	192	0	0.00	182	0	0.00	188	0	0.00	226	0	0.00	210	0	0.00	198	0	0.00	208	0	0.00	206	0	0.00	172	0	0.00	208	0	0.00	204	0	0.00	170	0	0.00	214	0	0.00	186	0	0.00	170	0	0.00	206	0	0.00	198	0	0.00	122	0	0.00	198	1	0.01	214	0	0.00	204	0	0.00	128	0	0.00	216	0	0.00	5008	1	0.00	
8	128749449	rs113705007	G	T	198	0	0.00	192	0	0.00	198	0	0.00	192	0	0.00	182	0	0.00	188	1	0.01	226	0	0.00	210	0	0.00	198	0	0.00	208	0	0.00	206	0	0.00	172	0	0.00	208	0	0.00	204	0	0.00	170	0	0.00	214	0	0.00	186	0	0.00	170	1	0.01	206	0	0.00	198	0	0.00	122	0	0.00	198	0	0.00	214	0	0.00	204	0	0.00	128	0	0.00	216	0	0.00	5008	2	0.00	
8	128749469	rs4645953	C	T	198	0	0.00	192	0	0.00	198	0	0.00	192	0	0.00	182	1	0.01	188	0	0.00	226	0	0.00	210	0	0.00	198	0	0.00	208	0	0.00	206	0	0.00	172	0	0.00	208	0	0.00	204	0	0.00	170	0	0.00	214	1	0.00	186	0	0.00	170	0	0.00	206	0	0.00	198	0	0.00	122	0	0.00	198	1	0.01	214	2	0.01	204	0	0.00	128	0	0.00	216	0	0.00	5008	5	0.00	
8	128749526	rs543515847	G	A	198	1	0.01	192	0	0.00	198	0	0.00	192	0	0.00	182	0	0.00	188	0	0.00	226	0	0.00	210	0	0.00	198	0	0.00	208	0	0.00	206	0	0.00	172	0	0.00	208	0	0.00	204	0	0.00	170	0	0.00	214	0	0.00	186	0	0.00	170	0	0.00	206	0	0.00	198	0	0.00	122	0	0.00	198	0	0.00	214	0	0.00	204	0	0.00	128	0	0.00	216	0	0.00	5008	1	0.00	
8	128749528	rs185892131	G	T	198	0	0.00	192	0	0.00	198	0	0.00	192	0	0.00	182	0	0.00	188	0	0.00	226	0	0.00	210	0	0.00	198	0	0.00	208	0	0.00	206	0	0.00	172	0	0.00	208	0	0.00	204	0	0.00	170	0	0.00	214	0	0.00	186	0	0.00	170	0	0.00	206	0	0.00	198	0	0.00	122	0	0.00	198	0	0.00	214	0	0.00	204	0	0.00	128	0	0.00	216	0	0.00	5008	0	0.00	
8	128749613	rs529015137	A	G	198	0	0.00	192	0	0.00	198	0	0.00	192	0	0.00	182	0	0.00	188	0	0.00	226	0	0.00	210	1	0.00	198	0	0.00	208	0	0.00	206	0	0.00	172	0	0.00	208	0	0.00	204	0	0.00	170	0	0.00	214	0	0.00	186	0	0.00	170	0	0.00	206	0	0.00	198	0	0.00	122	0	0.00	198	0	0.00	214	0	0.00	204	0	0.00	128	0	0.00	216	0	0.00	5008	1	0.00	
8	128749635	rs547562331	C	G	198	0	0.00	192	0	0.00	198	0	0.00	192	0	0.00	182	0	0.00	188	0	0.00	226	0	0.00	210	0	0.00	198	0	0.00	208	0	0.00	206	0	0.00	172	0	0.00	208	0	0.00	204	0	0.00	170	1	0.01	214	0	0.00	186	0	0.00	170	0	0.00	206	0	0.00	198	0	0.00	122	0	0.00	198	0	0.00	214	0	0.00	204	0	0.00	128	0	0.00	216	0	0.00	5008	1	0.00	
8	128749676	rs559285282	C	A	198	0	0.00	192	0	0.00	198	0	0.00	192	0	0.00	182	0	0.00	188	0	0.00	226	1	0.00	210	0	0.00	198	0	0.00	208	0	0.00	206	0	0.00	172	0	0.00	208	0	0.00	204	0	0.00	170	0	0.00	214	0	0.00	186	0	0.00	170	0	0.00	206	0	0.00	198	0	0.00	122	0	0.00	198	0	0.00	214	0	0.00	204	0	0.00	128	0	0.00	216	0	0.00	5008	1	0.00	
8	128749690	rs533212135	C	T	198	0	0.00	192	0	0.00	198	0	0.00	192	0	0.00	182	0	0.00	188	0	0.00	226	0	0.00	210	0	0.00	198	0	0.00	208	0	0.00	206	0	0.00	172	0	0.00	208	0	0.00	204	0	0.00	170	0	0.00	214	0	0.00	186	0	0.00	170	0	0.00	206	0	0.00	198	0	0.00	122	0	0.00	198	0	0.00	214	0	0.00	204	0	0.00	128	0	0.00	216	1	0.00	5008	1	0.00	
8	128749738	rs4645954	G	A	198	0	0.00	192	1	0.01	198	0	0.00	192	0	0.00	182	0	0.00	188	0	0.00	226	2	0.01	210	0	0.00	198	0	0.00	208	4	0.02	206	0	0.00	172	0	0.00	208	0	0.00	204	0	0.00	170	0	0.00	214	2	0.01	186	0	0.00	170	0	0.00	206	0	0.00	198	2	0.01	122	0	0.00	198	0	0.00	214	0	0.00	204	0	0.00	128	0	0.00	216	0	0.00	5008	11	0.00	
8	128749751	rs569687120	G	T	198	0	0.00	192	0	0.00	198	0	0.00	192	0	0.00	182	0	0.00	188	0	0.00	226	0	0.00	210	0	0.00	198	0	0.00	208	0	0.00	206	0	0.00	172	0	0.00	208	0	0.00	204	0	0.00	170	1	0.01	214	0	0.00	186	0	0.00	170	0	0.00	206	0	0.00	198	0	0.00	122	0	0.00	198	0	0.00	214	0	0.00	204	0	0.00	128	0	0.00	216	0	0.00	5008	1	0.00	
8	128749839	rs542384179	G	A	198	0	0.00	192	0	0.00	198	0	0.00	192	0	0.00	182	0	0.00	188	0	0.00	226	0	0.00	210	0	0.00	198	0	0.00	208	0	0.00	206	0	0.00	172	0	0.00	208	0	0.00	204	1	0.00	170	0	0.00	214	0	0.00	186	0	0.00	170	0	0.00	206	0	0.00	198	0	0.00	122	0	0.00	198	1	0.01	214	2	0.01	204	1	0.00	128	0	0.00	216	0	0.00	5008	5	0.00	
8	128749923	rs4645955	G	A	198	24	0.12	192	26	0.14	198	0	0.00	192	17	0.09	182	4	0.02	188	19	0.10	226	17	0.08	210	37	0.18	198	31	0.16	208	15	0.07	206	31	0.15	172	15	0.09	208	27	0.13	204	19	0.09	170	19	0.11	214	3	0.01	186	22	0.12	170	10	0.06	206	24	0.12	198	16	0.08	122	7	0.06	198	6	0.03	214	6	0.03	204	28	0.14	128	9	0.07	216	19	0.09	5008	451	0.09	
8	128749984	rs567410724	C	T	198	0	0.00	192	0	0.00	198	0	0.00	192	0	0.00	182	0	0.00	188	0	0.00	226	0	0.00	210	0	0.00	198	0	0.00	208	0	0.00	206	0	0.00	172	0	0.00	208	0	0.00	204	0	0.00	170	0	0.00	214	0	0.00	186	3	0.02	170	0	0.00	206	0	0.00	198	0	0.00	122	0	0.00	198	0	0.00	214	0	0.00	204	0	0.00	128	0	0.00	216	0	0.00	5008	3	0.00	
8	128750063	rs534850950	C	T	198	5	0.03	192	1	0.01	198	0	0.00	192	0	0.00	182	0	0.00	188	0	0.00	226	1	0.00	210	0	0.00	198	0	0.00	208	0	0.00	206	0	0.00	172	0	0.00	208	0	0.00	204	0	0.00	170	3	0.02	214	0	0.00	186	0	0.00	170	0	0.00	206	0	0.00	198	1	0.01	122	1	0.01	198	0	0.00	214	0	0.00	204	0	0.00	128	0	0.00	216	6	0.03	5008	18	0.00	
8	128750064	rs553486652	C	G	198	5	0.03	192	1	0.01	198	0	0.00	192	0	0.00	182	0	0.00	188	0	0.00	226	1	0.00	210	0	0.00	198	0	0.00	208	0	0.00	206	0	0.00	172	0	0.00	208	0	0.00	204	0	0.00	170	3	0.02	214	0	0.00	186	0	0.00	170	0	0.00	206	0	0.00	198	1	0.01	122	1	0.01	198	0	0.00	214	0	0.00	204	0	0.00	128	0	0.00	216	6	0.03	5008	18	0.00	
8	128750078	rs578118914	C	T	198	0	0.00	192	0	0.00	198	0	0.00	192	1	0.01	182	0	0.00	188	0	0.00	226	0	0.00	210	0	0.00	198	0	0.00	208	0	0.00	206	0	0.00	172	0	0.00	208	0	0.00	204	0	0.00	170	0	0.00	214	0	0.00	186	0	0.00	170	0	0.00	206	0	0.00	198	0	0.00	122	0	0.00	198	0	0.00	214	0	0.00	204	0	0.00	128	0	0.00	216	0	0.00	5008	1	0.00	
8	128750139	rs3891248	T	A	198	128	0.65	192	124	0.65	198	40	0.20	192	51	0.27	182	27	0.15	188	42	0.22	226	168	0.74	210	82	0.39	198	80	0.40	208	63	0.30	206	86	0.42	172	57	0.33	208	93	0.45	204	63	0.31	170	137	0.81	214	33	0.15	186	66	0.35	170	47	0.28	206	80	0.39	198	141	0.71	122	70	0.57	198	28	0.14	214	39	0.18	204	67	0.33	128	31	0.24	216	161	0.75	5008	2004	0.40	
8	128750212	rs4645956	C	T	198	70	0.35	192	61	0.32	198	23	0.12	192	27	0.14	182	20	0.11	188	17	0.09	226	97	0.43	210	22	0.10	198	29	0.15	208	39	0.19	206	31	0.15	172	24	0.14	208	39	0.19	204	28	0.14	170	72	0.42	214	27	0.13	186	26	0.14	170	35	0.21	206	26	0.13	198	56	0.28	122	40	0.33	198	17	0.09	214	29	0.14	204	26	0.13	128	19	0.15	216	91	0.42	5008	991	0.20	
8	128750220	rs576036035	G	T	198	0	0.00	192	0	0.00	198	0	0.00	192	0	0.00	182	0	0.00	188	0	0.00	226	0	0.00	210	0	0.00	198	0	0.00	208	0	0.00	206	0	0.00	172	0	0.00	208	0	0.00	204	0	0.00	170	0	0.00	214	0	0.00	186	0	0.00	170	1	0.01	206	0	0.00	198	0	0.00	122	0	0.00	198	0	0.00	214	0	0.00	204	0	0.00	128	0	0.00	216	0	0.00	5008	1	0.00	
8	128750234	rs543426727	G	A	198	0	0.00	192	0	0.00	198	0	0.00	192	0	0.00	182	0	0.00	188	0	0.00	226	1	0.00	210	0	0.00	198	0	0.00	208	0	0.00	206	0	0.00	172	0	0.00	208	0	0.00	204	0	0.00	170	0	0.00	214	0	0.00	186	0	0.00	170	0	0.00	206	0	0.00	198	0	0.00	122	0	0.00	198	0	0.00	214	0	0.00	204	0	0.00	128	0	0.00	216	0	0.00	5008	1	0.00	
8	128750260	rs4645957	C	T	198	22	0.11	192	23	0.12	198	12	0.06	192	6	0.03	182	3	0.02	188	2	0.01	226	29	0.13	210	10	0.05	198	9	0.05	208	4	0.02	206	17	0.08	172	11	0.06	208	23	0.11	204	12	0.06	170	28	0.16	214	3	0.01	186	14	0.08	170	2	0.01	206	17	0.08	198	43	0.22	122	16	0.13	198	5	0.03	214	5	0.02	204	10	0.05	128	2	0.02	216	35	0.16	5008	363	0.07	
8	128750267	rs573678296	C	T	198	0	0.00	192	0	0.00	198	0	0.00	192	0	0.00	182	0	0.00	188	0	0.00	226	0	0.00	210	0	0.00	198	0	0.00	208	0	0.00	206	0	0.00	172	0	0.00	208	0	0.00	204	0	0.00	170	0	0.00	214	0	0.00	186	0	0.00	170	0	0.00	206	3	0.01	198	0	0.00	122	0	0.00	198	0	0.00	214	0	0.00	204	0	0.00	128	0	0.00	216	0	0.00	5008	3	0.00	
8	128750285	esv3618781	A	<CN2>	198	0	0.00	192	0	0.00	198	0	0.00	192	0	0.00	182	0	0.00	188	0	0.00	226	0	0.00	210	0	0.00	198	0	0.00	208	0	0.00	206	0	0.00	172	0	0.00	208	0	0.00	204	0	0.00	170	0	0.00	214	0	0.00	186	0	0.00	170	0	0.00	206	0	0.00	198	0	0.00	122	0	0.00	198	0	0.00	214	1	0.00	204	0	0.00	128	0	0.00	216	0	0.00	5008	1	0.00	
8	128750308	rs151033540	G	T	198	2	0.01	192	1	0.01	198	0	0.00	192	0	0.00	182	0	0.00	188	0	0.00	226	0	0.00	210	0	0.00	198	0	0.00	208	1	0.00	206	0	0.00	172	0	0.00	208	0	0.00	204	0	0.00	170	0	0.00	214	0	0.00	186	0	0.00	170	0	0.00	206	0	0.00	198	4	0.02	122	0	0.00	198	0	0.00	214	0	0.00	204	0	0.00	128	0	0.00	216	2	0.01	5008	10	0.00	
8	128750322	rs113152741	G	A	198	0	0.00	192	0	0.00	198	3	0.02	192	0	0.00	182	2	0.01	188	0	0.00	226	0	0.00	210	0	0.00	198	0	0.00	208	0	0.00	206	0	0.00	172	2	0.01	208	0	0.00	204	0	0.00	170	0	0.00	214	0	0.00	186	0	0.00	170	0	0.00	206	0	0.00	198	0	0.00	122	1	0.01	198	3	0.02	214	2	0.01	204	0	0.00	128	0	0.00	216	0	0.00	5008	13	0.00	
8	128750345	rs533002445	C	T	198	0	0.00	192	0	0.00	198	0	0.00	192	0	0.00	182	0	0.00	188	0	0.00	226	0	0.00	210	0	0.00	198	0	0.00	208	1	0.00	206	0	0.00	172	0	0.00	208	0	0.00	204	0	0.00	170	0	0.00	214	0	0.00	186	0	0.00	170	0	0.00	206	0	0.00	198	0	0.00	122	0	0.00	198	0	0.00	214	0	0.00	204	0	0.00	128	1	0.01	216	0	0.00	5008	2	0.00	
8	128750385	rs141008372	G	A	198	0	0.00	192	0	0.00	198	1	0.01	192	0	0.00	182	1	0.01	188	0	0.00	226	0	0.00	210	0	0.00	198	0	0.00	208	1	0.00	206	0	0.00	172	0	0.00	208	0	0.00	204	0	0.00	170	0	0.00	214	1	0.00	186	0	0.00	170	0	0.00	206	0	0.00	198	0	0.00	122	0	0.00	198	1	0.01	214	0	0.00	204	0	0.00	128	0	0.00	216	0	0.00	5008	5	0.00	
8	128750397	rs563223283	G	T	198	0	0.00	192	0	0.00	198	0	0.00	192	0	0.00	182	0	0.00	188	0	0.00	226	0	0.00	210	0	0.00	198	0	0.00	208	0	0.00	206	0	0.00	172	2	0.01	208	0	0.00	204	2	0.01	170	0	0.00	214	0	0.00	186	0	0.00	170	0	0.00	206	6	0.03	198	0	0.00	122	0	0.00	198	0	0.00	214	0	0.00	204	0	0.00	128	0	0.00	216	0	0.00	5008	10	0.00	
8	128750408	rs530751752	T	C	198	0	0.00	192	0	0.00	198	0	0.00	192	0	0.00	182	0	0.00	188	0	0.00	226	0	0.00	210	0	0.00	198	0	0.00	208	0	0.00	206	0	0.00	172	0	0.00	208	0	0.00	204	0	0.00	170	0	0.00	214	0	0.00	186	0	0.00	170	0	0.00	206	0	0.00	198	0	0.00	122	0	0.00	198	0	0.00	214	0	0.00	204	0	0.00	128	0	0.00	216	1	0.00	5008	1	0.00	
8	128750409	rs183539672	G	A	198	0	0.00	192	0	0.00	198	0	0.00	192	0	0.00	182	1	0.01	188	0	0.00	226	0	0.00	210	0	0.00	198	0	0.00	208	0	0.00	206	0	0.00	172	0	0.00	208	0	0.00	204	0	0.00	170	0	0.00	214	0	0.00	186	0	0.00	170	0	0.00	206	0	0.00	198	0	0.00	122	0	0.00	198	0	0.00	214	0	0.00	204	0	0.00	128	0	0.00	216	0	0.00	5008	1	0.00	
8	128750413	rs4645958	C	G	198	60	0.30	192	54	0.28	198	23	0.12	192	27	0.14	182	20	0.11	188	17	0.09	226	86	0.38	210	22	0.10	198	29	0.15	208	39	0.19	206	31	0.15	172	24	0.14	208	39	0.19	204	28	0.14	170	65	0.38	214	27	0.13	186	26	0.14	170	35	0.21	206	26	0.13	198	50	0.25	122	36	0.30	198	17	0.09	214	28	0.13	204	26	0.13	128	19	0.15	216	82	0.38	5008	936	0.19	
8	128750472	rs188937617	C	T	198	0	0.00	192	0	0.00	198	0	0.00	192	0	0.00	182	0	0.00	188	0	0.00	226	0	0.00	210	0	0.00	198	0	0.00	208	0	0.00	206	3	0.01	172	0	0.00	208	0	0.00	204	0	0.00	170	0	0.00	214	0	0.00	186	0	0.00	170	0	0.00	206	0	0.00	198	0	0.00	122	0	0.00	198	0	0.00	214	0	0.00	204	0	0.00	128	0	0.00	216	0	0.00	5008	3	0.00	
8	128750520	rs149992096	C	T	198	0	0.00	192	0	0.00	198	0	0.00	192	0	0.00	182	0	0.00	188	0	0.00	226	0	0.00	210	0	0.00	198	0	0.00	208	0	0.00	206	0	0.00	172	0	0.00	208	0	0.00	204	0	0.00	170	1	0.01	214	0	0.00	186	0	0.00	170	0	0.00	206	0	0.00	198	0	0.00	122	0	0.00	198	0	0.00	214	0	0.00	204	0	0.00	128	0	0.00	216	0	0.00	5008	1	0.00	
8	128750527	rs146505192	T	C	198	0	0.00	192	0	0.00	198	0	0.00	192	0	0.00	182	0	0.00	188	0	0.00	226	0	0.00	210	0	0.00	198	0	0.00	208	0	0.00	206	0	0.00	172	0	0.00	208	0	0.00	204	0	0.00	170	0	0.00	214	0	0.00	186	0	0.00	170	1	0.01	206	0	0.00	198	0	0.00	122	1	0.01	198	0	0.00	214	1	0.00	204	0	0.00	128	1	0.01	216	0	0.00	5008	4	0.00	
8	128750540	rs4645959	A	G	198	0	0.00	192	4	0.02	198	4	0.02	192	2	0.01	182	11	0.06	188	11	0.06	226	0	0.00	210	0	0.00	198	0	0.00	208	6	0.03	206	0	0.00	172	0	0.00	208	0	0.00	204	1	0.00	170	0	0.00	214	17	0.08	186	0	0.00	170	2	0.01	206	0	0.00	198	0	0.00	122	2	0.02	198	10	0.05	214	5	0.02	204	0	0.00	128	1	0.01	216	0	0.00	5008	76	0.02	
8	128750602	rs114570780	T	C	198	0	0.00	192	1	0.01	198	0	0.00	192	0	0.00	182	0	0.00	188	0	0.00	226	0	0.00	210	0	0.00	198	0	0.00	208	0	0.00	206	0	0.00	172	0	0.00	208	0	0.00	204	0	0.00	170	2	0.01	214	0	0.00	186	0	0.00	170	0	0.00	206	0	0.00	198	0	0.00	122	0	0.00	198	0	0.00	214	0	0.00	204	0	0.00	128	0	0.00	216	1	0.00	5008	4	0.00	
8	128750607	rs61752959	G	A	198	8	0.04	192	4	0.02	198	0	0.00	192	0	0.00	182	0	0.00	188	1	0.01	226	4	0.02	210	0	0.00	198	0	0.00	208	1	0.00	206	0	0.00	172	0	0.00	208	0	0.00	204	0	0.00	170	5	0.03	214	0	0.00	186	0	0.00	170	0	0.00	206	0	0.00	198	9	0.05	122	7	0.06	198	0	0.00	214	0	0.00	204	0	0.00	128	0	0.00	216	7	0.03	5008	46	0.01	
8	128750628	rs536993570	G	T	198	0	0.00	192	0	0.00	198	0	0.00	192	0	0.00	182	0	0.00	188	0	0.00	226	0	0.00	210	0	0.00	198	0	0.00	208	0	0.00	206	0	0.00	172	0	0.00	208	0	0.00	204	2	0.01	170	0	0.00	214	0	0.00	186	0	0.00	170	0	0.00	206	0	0.00	198	0	0.00	122	0	0.00	198	0	0.00	214	0	0.00	204	0	0.00	128	0	0.00	216	0	0.00	5008	2	0.00	
8	128750757	rs140182565	G	C	198	0	0.00	192	1	0.01	198	0	0.00	192	0	0.00	182	0	0.00	188	0	0.00	226	3	0.01	210	0	0.00	198	0	0.00	208	0	0.00	206	0	0.00	172	0	0.00	208	0	0.00	204	0	0.00	170	4	0.02	214	0	0.00	186	0	0.00	170	0	0.00	206	0	0.00	198	0	0.00	122	1	0.01	198	0	0.00	214	0	0.00	204	0	0.00	128	0	0.00	216	0	0.00	5008	9	0.00	
8	128750986	rs4645960	G	C	198	0	0.00	192	0	0.00	198	0	0.00	192	0	0.00	182	1	0.01	188	0	0.00	226	0	0.00	210	0	0.00	198	0	0.00	208	0	0.00	206	0	0.00	172	0	0.00	208	0	0.00	204	0	0.00	170	0	0.00	214	0	0.00	186	0	0.00	170	0	0.00	206	0	0.00	198	0	0.00	122	0	0.00	198	0	0.00	214	0	0.00	204	0	0.00	128	0	0.00	216	0	0.00	5008	1	0.00	
8	128751016	rs4645961	G	A	198	6	0.03	192	10	0.05	198	0	0.00	192	0	0.00	182	0	0.00	188	0	0.00	226	11	0.05	210	0	0.00	198	0	0.00	208	5	0.02	206	0	0.00	172	0	0.00	208	0	0.00	204	0	0.00	170	3	0.02	214	2	0.01	186	0	0.00	170	0	0.00	206	0	0.00	198	9	0.05	122	1	0.01	198	0	0.00	214	0	0.00	204	0	0.00	128	0	0.00	216	7	0.03	5008	54	0.01	
8	128751060	rs373030192	C	A	198	0	0.00	192	0	0.00	198	0	0.00	192	0	0.00	182	0	0.00	188	0	0.00	226	1	0.00	210	0	0.00	198	0	0.00	208	0	0.00	206	0	0.00	172	0	0.00	208	0	0.00	204	0	0.00	170	0	0.00	214	0	0.00	186	0	0.00	170	0	0.00	206	0	0.00	198	0	0.00	122	0	0.00	198	0	0.00	214	0	0.00	204	0	0.00	128	0	0.00	216	0	0.00	5008	1	0.00	
8	128751109	rs577698378	G	A	198	0	0.00	192	0	0.00	198	0	0.00	192	0	0.00	182	0	0.00	188	0	0.00	226	0	0.00	210	0	0.00	198	0	0.00	208	0	0.00	206	0	0.00	172	0	0.00	208	0	0.00	204	1	0.00	170	0	0.00	214	0	0.00	186	0	0.00	170	0	0.00	206	0	0.00	198	0	0.00	122	0	0.00	198	0	0.00	214	0	0.00	204	0	0.00	128	0	0.00	216	0	0.00	5008	1	0.00	
8	128751152	rs544792311	C	T	198	0	0.00	192	0	0.00	198	0	0.00	192	0	0.00	182	0	0.00	188	0	0.00	226	0	0.00	210	0	0.00	198	0	0.00	208	0	0.00	206	0	0.00	172	0	0.00	208	0	0.00	204	0	0.00	170	0	0.00	214	0	0.00	186	0	0.00	170	1	0.01	206	0	0.00	198	0	0.00	122	0	0.00	198	0	0.00	214	0	0.00	204	0	0.00	128	0	0.00	216	0	0.00	5008	1	0.00	
8	128751185	rs186663828	C	T	198	0	0.00	192	0	0.00	198	0	0.00	192	0	0.00	182	0	0.00	188	1	0.01	226	0	0.00	210	0	0.00	198	0	0.00	208	0	0.00	206	0	0.00	172	0	0.00	208	0	0.00	204	0	0.00	170	0	0.00	214	0	0.00	186	0	0.00	170	0	0.00	206	0	0.00	198	0	0.00	122	0	0.00	198	0	0.00	214	0	0.00	204	0	0.00	128	0	0.00	216	0	0.00	5008	1	0.00	
8	128751189	rs530668928	G	A	198	0	0.00	192	0	0.00	198	0	0.00	192	0	0.00	182	0	0.00	188	0	0.00	226	0	0.00	210	0	0.00	198	0	0.00	208	0	0.00	206	0	0.00	172	0	0.00	208	1	0.00	204	0	0.00	170	0	0.00	214	0	0.00	186	0	0.00	170	0	0.00	206	0	0.00	198	0	0.00	122	0	0.00	198	0	0.00	214	0	0.00	204	0	0.00	128	0	0.00	216	0	0.00	5008	1	0.00	
8	128751201	rs2070582	G	A	198	12	0.06	192	15	0.08	198	12	0.06	192	6	0.03	182	3	0.02	188	2	0.01	226	18	0.08	210	10	0.05	198	10	0.05	208	5	0.02	206	16	0.08	172	11	0.06	208	23	0.11	204	12	0.06	170	21	0.12	214	3	0.01	186	15	0.08	170	2	0.01	206	17	0.08	198	41	0.21	122	12	0.10	198	5	0.03	214	4	0.02	204	10	0.05	128	2	0.02	216	26	0.12	5008	313	0.06	
8	128751276	rs561304088	C	G	198	0	0.00	192	0	0.00	198	0	0.00	192	0	0.00	182	0	0.00	188	0	0.00	226	0	0.00	210	0	0.00	198	0	0.00	208	0	0.00	206	0	0.00	172	0	0.00	208	0	0.00	204	0	0.00	170	1	0.01	214	0	0.00	186	0	0.00	170	0	0.00	206	0	0.00	198	0	0.00	122	0	0.00	198	0	0.00	214	0	0.00	204	0	0.00	128	0	0.00	216	0	0.00	5008	1	0.00	
8	128751326	rs4645962	T	C	198	8	0.04	192	4	0.02	198	5	0.03	192	1	0.01	182	0	0.00	188	1	0.01	226	4	0.02	210	12	0.06	198	9	0.05	208	1	0.00	206	8	0.04	172	7	0.04	208	4	0.02	204	4	0.02	170	5	0.03	214	0	0.00	186	4	0.02	170	0	0.00	206	12	0.06	198	11	0.06	122	7	0.06	198	0	0.00	214	0	0.00	204	2	0.01	128	0	0.00	216	7	0.03	5008	116	0.02	
8	128751346	rs555471600	C	T	198	0	0.00	192	0	0.00	198	0	0.00	192	0	0.00	182	0	0.00	188	0	0.00	226	0	0.00	210	0	0.00	198	0	0.00	208	0	0.00	206	0	0.00	172	0	0.00	208	0	0.00	204	0	0.00	170	0	0.00	214	0	0.00	186	0	0.00	170	0	0.00	206	0	0.00	198	0	0.00	122	1	0.01	198	0	0.00	214	0	0.00	204	0	0.00	128	0	0.00	216	0	0.00	5008	1	0.00	
8	128751355	rs571635549	T	C	198	0	0.00	192	0	0.00	198	0	0.00	192	0	0.00	182	0	0.00	188	0	0.00	226	0	0.00	210	0	0.00	198	0	0.00	208	0	0.00	206	0	0.00	172	0	0.00	208	0	0.00	204	0	0.00	170	0	0.00	214	1	0.00	186	0	0.00	170	0	0.00	206	0	0.00	198	0	0.00	122	0	0.00	198	0	0.00	214	0	0.00	204	0	0.00	128	0	0.00	216	0	0.00	5008	1	0.00	
8	128751369	rs532694924	T	G	198	0	0.00	192	0	0.00	198	0	0.00	192	0	0.00	182	0	0.00	188	0	0.00	226	0	0.00	210	0	0.00	198	0	0.00	208	0	0.00	206	0	0.00	172	0	0.00	208	0	0.00	204	1	0.00	170	0	0.00	214	0	0.00	186	0	0.00	170	0	0.00	206	0	0.00	198	0	0.00	122	0	0.00	198	0	0.00	214	0	0.00	204	0	0.00	128	0	0.00	216	0	0.00	5008	1	0.00	
8	128751412	rs551193783	T	C	198	0	0.00	192	0	0.00	198	0	0.00	192	0	0.00	182	1	0.01	188	0	0.00	226	0	0.00	210	0	0.00	198	0	0.00	208	0	0.00	206	0	0.00	172	0	0.00	208	0	0.00	204	0	0.00	170	0	0.00	214	0	0.00	186	0	0.00	170	0	0.00	206	0	0.00	198	0	0.00	122	0	0.00	198	0	0.00	214	0	0.00	204	0	0.00	128	0	0.00	216	0	0.00	5008	1	0.00	
8	128751563	rs4645963	C	T	198	1	0.01	192	2	0.01	198	3	0.02	192	3	0.02	182	3	0.02	188	1	0.01	226	3	0.01	210	0	0.00	198	0	0.00	208	0	0.00	206	0	0.00	172	1	0.01	208	0	0.00	204	2	0.01	170	2	0.01	214	1	0.00	186	0	0.00	170	1	0.01	206	7	0.03	198	6	0.03	122	1	0.01	198	5	0.03	214	5	0.02	204	3	0.01	128	3	0.02	216	3	0.01	5008	56	0.01	
8	128751564	rs536910236	G	A	198	0	0.00	192	0	0.00	198	0	0.00	192	0	0.00	182	0	0.00	188	0	0.00	226	0	0.00	210	0	0.00	198	0	0.00	208	0	0.00	206	0	0.00	172	0	0.00	208	0	0.00	204	0	0.00	170	0	0.00	214	0	0.00	186	0	0.00	170	0	0.00	206	1	0.00	198	0	0.00	122	0	0.00	198	0	0.00	214	0	0.00	204	0	0.00	128	0	0.00	216	0	0.00	5008	1	0.00	
8	128751604	rs554983668	G	A	198	0	0.00	192	0	0.00	198	0	0.00	192	0	0.00	182	0	0.00	188	0	0.00	226	0	0.00	210	1	0.00	198	0	0.00	208	0	0.00	206	0	0.00	172	0	0.00	208	0	0.00	204	0	0.00	170	0	0.00	214	0	0.00	186	0	0.00	170	0	0.00	206	0	0.00	198	0	0.00	122	0	0.00	198	0	0.00	214	0	0.00	204	0	0.00	128	0	0.00	216	0	0.00	5008	1	0.00	
8	128751607	rs79306211	T	C	198	0	0.00	192	2	0.01	198	0	0.00	192	0	0.00	182	0	0.00	188	0	0.00	226	4	0.02	210	0	0.00	198	0	0.00	208	0	0.00	206	0	0.00	172	0	0.00	208	0	0.00	204	0	0.00	170	10	0.06	214	0	0.00	186	0	0.00	170	0	0.00	206	0	0.00	198	6	0.03	122	1	0.01	198	0	0.00	214	0	0.00	204	0	0.00	128	0	0.00	216	2	0.01	5008	25	0.00	
8	128751614	rs191466112	G	C	198	0	0.00	192	0	0.00	198	0	0.00	192	0	0.00	182	0	0.00	188	0	0.00	226	0	0.00	210	0	0.00	198	0	0.00	208	0	0.00	206	0	0.00	172	0	0.00	208	1	0.00	204	0	0.00	170	0	0.00	214	0	0.00	186	0	0.00	170	0	0.00	206	0	0.00	198	0	0.00	122	0	0.00	198	0	0.00	214	0	0.00	204	0	0.00	128	0	0.00	216	0	0.00	5008	1	0.00	
8	128751756	rs4645964	G	C	198	7	0.04	192	1	0.01	198	0	0.00	192	0	0.00	182	0	0.00	188	0	0.00	226	5	0.02	210	0	0.00	198	0	0.00	208	1	0.00	206	0	0.00	172	0	0.00	208	0	0.00	204	0	0.00	170	1	0.01	214	0	0.00	186	0	0.00	170	0	0.00	206	0	0.00	198	4	0.02	122	1	0.01	198	0	0.00	214	0	0.00	204	0	0.00	128	0	0.00	216	5	0.02	5008	25	0.00	
8	128751785	rs4645965	G	A	198	7	0.04	192	1	0.01	198	0	0.00	192	0	0.00	182	0	0.00	188	0	0.00	226	5	0.02	210	0	0.00	198	0	0.00	208	1	0.00	206	0	0.00	172	0	0.00	208	0	0.00	204	0	0.00	170	1	0.01	214	0	0.00	186	0	0.00	170	0	0.00	206	0	0.00	198	4	0.02	122	1	0.01	198	0	0.00	214	0	0.00	204	0	0.00	128	0	0.00	216	5	0.02	5008	25	0.00	
8	128751846	rs10706841	CT	C	198	118	0.60	192	119	0.62	198	35	0.18	192	51	0.27	182	27	0.15	188	40	0.21	226	160	0.71	210	70	0.33	198	70	0.35	208	68	0.33	206	79	0.38	172	51	0.30	208	90	0.43	204	60	0.29	170	131	0.77	214	33	0.15	186	63	0.34	170	48	0.28	206	68	0.33	198	123	0.62	122	62	0.51	198	30	0.15	214	41	0.19	204	66	0.32	128	33	0.26	216	153	0.71	5008	1889	0.38	
8	128751874	rs73707294	G	A	198	5	0.03	192	5	0.03	198	0	0.00	192	0	0.00	182	0	0.00	188	0	0.00	226	16	0.07	210	0	0.00	198	0	0.00	208	0	0.00	206	0	0.00	172	0	0.00	208	1	0.00	204	0	0.00	170	8	0.05	214	0	0.00	186	0	0.00	170	0	0.00	206	0	0.00	198	5	0.03	122	1	0.01	198	0	0.00	214	0	0.00	204	0	0.00	128	0	0.00	216	10	0.05	5008	51	0.01	
8	128751902	rs565849816;rs547638803;rs535921169	ATT	ATTT,AT,A	198	15,73,22	0.08,0.37,0.11	192	22,74,21	0.11,0.39,0.11	198	5,37,0	0.03,0.19,0.00	192	20,38,0	0.10,0.20,0.00	182	11,28,1	0.06,0.15,0.01	188	20,41,1	0.11,0.22,0.01	226	17,85,44	0.08,0.38,0.19	210	37,35,0	0.18,0.17,0.00	198	34,41,0	0.17,0.21,0.00	208	20,56,4	0.10,0.27,0.02	206	32,47,0	0.16,0.23,0.00	172	15,37,0	0.09,0.22,0.00	208	27,62,0	0.13,0.30,0.00	204	23,40,0	0.11,0.20,0.00	170	16,72,38	0.09,0.42,0.22	214	10,47,0	0.05,0.22,0.00	186	23,40,0	0.12,0.22,0.00	170	11,39,0	0.06,0.23,0.00	206	24,44,0	0.12,0.21,0.00	198	29,79,17	0.15,0.40,0.09	122	8,50,14	0.07,0.41,0.11	198	6,39,0	0.03,0.20,0.00	214	10,58,0	0.05,0.27,0.00	204	30,41,0	0.15,0.20,0.00	128	12,27,1	0.09,0.21,0.01	216	12,100,28	0.06,0.46,0.13	5008	489,1330,191	0.10,0.27,0.04	
8	128751908	rs556698803	T	G	198	0	0.00	192	0	0.00	198	0	0.00	192	0	0.00	182	1	0.01	188	0	0.00	226	0	0.00	210	0	0.00	198	0	0.00	208	0	0.00	206	0	0.00	172	0	0.00	208	0	0.00	204	0	0.00	170	0	0.00	214	0	0.00	186	0	0.00	170	0	0.00	206	0	0.00	198	0	0.00	122	0	0.00	198	0	0.00	214	0	0.00	204	0	0.00	128	0	0.00	216	0	0.00	5008	1	0.00	
8	128751955	rs575113259	T	C	198	0	0.00	192	1	0.01	198	0	0.00	192	0	0.00	182	0	0.00	188	0	0.00	226	0	0.00	210	0	0.00	198	0	0.00	208	0	0.00	206	0	0.00	172	0	0.00	208	0	0.00	204	0	0.00	170	0	0.00	214	0	0.00	186	0	0.00	170	0	0.00	206	0	0.00	198	0	0.00	122	0	0.00	198	0	0.00	214	0	0.00	204	0	0.00	128	0	0.00	216	1	0.00	5008	2	0.00	
8	128751956	rs542485904	A	G	198	0	0.00	192	0	0.00	198	0	0.00	192	0	0.00	182	0	0.00	188	0	0.00	226	0	0.00	210	0	0.00	198	0	0.00	208	0	0.00	206	0	0.00	172	1	0.01	208	0	0.00	204	0	0.00	170	0	0.00	214	0	0.00	186	0	0.00	170	0	0.00	206	0	0.00	198	0	0.00	122	0	0.00	198	0	0.00	214	0	0.00	204	0	0.00	128	0	0.00	216	0	0.00	5008	1	0.00	
8	128752005	rs117672626	A	C	198	0	0.00	192	0	0.00	198	0	0.00	192	0	0.00	182	0	0.00	188	0	0.00	226	0	0.00	210	0	0.00	198	0	0.00	208	0	0.00	206	0	0.00	172	0	0.00	208	0	0.00	204	0	0.00	170	0	0.00	214	0	0.00	186	0	0.00	170	0	0.00	206	0	0.00	198	0	0.00	122	0	0.00	198	2	0.01	214	3	0.01	204	0	0.00	128	0	0.00	216	0	0.00	5008	5	0.00	
8	128752117	rs185260785	A	T	198	0	0.00	192	0	0.00	198	0	0.00	192	0	0.00	182	0	0.00	188	3	0.02	226	0	0.00	210	0	0.00	198	0	0.00	208	0	0.00	206	0	0.00	172	0	0.00	208	0	0.00	204	0	0.00	170	0	0.00	214	0	0.00	186	0	0.00	170	0	0.00	206	0	0.00	198	0	0.00	122	0	0.00	198	0	0.00	214	0	0.00	204	0	0.00	128	0	0.00	216	0	0.00	5008	3	0.00	
8	128752132	rs75369521	G	A	198	23	0.12	192	23	0.12	198	0	0.00	192	0	0.00	182	0	0.00	188	1	0.01	226	51	0.23	210	0	0.00	198	0	0.00	208	5	0.02	206	0	0.00	172	0	0.00	208	0	0.00	204	0	0.00	170	34	0.20	214	0	0.00	186	0	0.00	170	0	0.00	206	0	0.00	198	20	0.10	122	14	0.11	198	0	0.00	214	0	0.00	204	0	0.00	128	2	0.02	216	31	0.14	5008	204	0.04	
8	128752178	rs10110283	G	A	198	34	0.17	192	36	0.19	198	12	0.06	192	6	0.03	182	3	0.02	188	2	0.01	226	54	0.24	210	10	0.05	198	10	0.05	208	9	0.04	206	16	0.08	172	11	0.06	208	23	0.11	204	12	0.06	170	40	0.24	214	3	0.01	186	15	0.08	170	2	0.01	206	17	0.08	198	43	0.22	122	18	0.15	198	5	0.03	214	6	0.03	204	10	0.05	128	3	0.02	216	49	0.23	5008	449	0.09	
8	128752241	rs4645966	G	A	198	34	0.17	192	36	0.19	198	12	0.06	192	6	0.03	182	3	0.02	188	2	0.01	226	53	0.23	210	10	0.05	198	10	0.05	208	9	0.04	206	16	0.08	172	11	0.06	208	23	0.11	204	12	0.06	170	40	0.24	214	3	0.01	186	14	0.08	170	2	0.01	206	17	0.08	198	43	0.22	122	18	0.15	198	5	0.03	214	6	0.03	204	10	0.05	128	3	0.02	216	49	0.23	5008	447	0.09	
8	128752278	rs190498866	G	A	198	0	0.00	192	0	0.00	198	1	0.01	192	0	0.00	182	0	0.00	188	0	0.00	226	0	0.00	210	1	0.00	198	0	0.00	208	0	0.00	206	0	0.00	172	0	0.00	208	0	0.00	204	0	0.00	170	0	0.00	214	0	0.00	186	0	0.00	170	0	0.00	206	0	0.00	198	0	0.00	122	0	0.00	198	0	0.00	214	0	0.00	204	0	0.00	128	0	0.00	216	0	0.00	5008	2	0.00	
8	128752287	rs139112155	C	A	198	1	0.01	192	0	0.00	198	0	0.00	192	0	0.00	182	0	0.00	188	0	0.00	226	0	0.00	210	0	0.00	198	0	0.00	208	0	0.00	206	0	0.00	172	0	0.00	208	0	0.00	204	0	0.00	170	2	0.01	214	0	0.00	186	0	0.00	170	0	0.00	206	0	0.00	198	4	0.02	122	1	0.01	198	0	0.00	214	0	0.00	204	0	0.00	128	0	0.00	216	2	0.01	5008	10	0.00	
8	128752395	rs530292752	G	A	198	0	0.00	192	0	0.00	198	0	0.00	192	2	0.01	182	0	0.00	188	0	0.00	226	0	0.00	210	0	0.00	198	0	0.00	208	0	0.00	206	0	0.00	172	0	0.00	208	0	0.00	204	0	0.00	170	0	0.00	214	0	0.00	186	0	0.00	170	0	0.00	206	0	0.00	198	0	0.00	122	0	0.00	198	0	0.00	214	1	0.00	204	1	0.00	128	0	0.00	216	0	0.00	5008	4	0.00	
8	128752401	rs548795602	C	T	198	0	0.00	192	1	0.01	198	0	0.00	192	0	0.00	182	0	0.00	188	0	0.00	226	0	0.00	210	0	0.00	198	0	0.00	208	0	0.00	206	0	0.00	172	0	0.00	208	0	0.00	204	0	0.00	170	0	0.00	214	0	0.00	186	0	0.00	170	0	0.00	206	0	0.00	198	0	0.00	122	0	0.00	198	0	0.00	214	0	0.00	204	0	0.00	128	0	0.00	216	0	0.00	5008	1	0.00	
8	128752403	rs567043428	T	C	198	0	0.00	192	0	0.00	198	0	0.00	192	1	0.01	182	0	0.00	188	0	0.00	226	0	0.00	210	0	0.00	198	0	0.00	208	0	0.00	206	0	0.00	172	0	0.00	208	0	0.00	204	0	0.00	170	0	0.00	214	0	0.00	186	0	0.00	170	0	0.00	206	0	0.00	198	0	0.00	122	0	0.00	198	0	0.00	214	0	0.00	204	1	0.00	128	0	0.00	216	0	0.00	5008	2	0.00	
8	128752414	rs534556090	A	G	198	0	0.00	192	0	0.00	198	0	0.00	192	0	0.00	182	0	0.00	188	0	0.00	226	0	0.00	210	0	0.00	198	0	0.00	208	0	0.00	206	0	0.00	172	0	0.00	208	0	0.00	204	1	0.00	170	0	0.00	214	0	0.00	186	0	0.00	170	0	0.00	206	0	0.00	198	0	0.00	122	0	0.00	198	0	0.00	214	0	0.00	204	0	0.00	128	0	0.00	216	0	0.00	5008	1	0.00	
8	128752424	rs552647364	C	T	198	0	0.00	192	0	0.00	198	0	0.00	192	0	0.00	182	0	0.00	188	0	0.00	226	0	0.00	210	0	0.00	198	0	0.00	208	0	0.00	206	0	0.00	172	0	0.00	208	1	0.00	204	0	0.00	170	0	0.00	214	0	0.00	186	0	0.00	170	0	0.00	206	0	0.00	198	0	0.00	122	0	0.00	198	0	0.00	214	0	0.00	204	0	0.00	128	0	0.00	216	0	0.00	5008	1	0.00	
8	128752436	rs182162908	C	T	198	0	0.00	192	0	0.00	198	0	0.00	192	0	0.00	182	0	0.00	188	0	0.00	226	0	0.00	210	0	0.00	198	0	0.00	208	0	0.00	206	0	0.00	172	0	0.00	208	0	0.00	204	0	0.00	170	0	0.00	214	0	0.00	186	0	0.00	170	0	0.00	206	0	0.00	198	0	0.00	122	0	0.00	198	0	0.00	214	0	0.00	204	0	0.00	128	1	0.01	216	0	0.00	5008	1	0.00	
8	128752452	rs538314263	G	A	198	0	0.00	192	0	0.00	198	0	0.00	192	0	0.00	182	0	0.00	188	0	0.00	226	0	0.00	210	0	0.00	198	0	0.00	208	0	0.00	206	0	0.00	172	0	0.00	208	0	0.00	204	0	0.00	170	0	0.00	214	0	0.00	186	0	0.00	170	1	0.01	206	0	0.00	198	0	0.00	122	0	0.00	198	0	0.00	214	0	0.00	204	0	0.00	128	0	0.00	216	0	0.00	5008	1	0.00	
8	128752464	rs556660048	G	T	198	0	0.00	192	0	0.00	198	0	0.00	192	3	0.02	182	0	0.00	188	0	0.00	226	0	0.00	210	0	0.00	198	0	0.00	208	0	0.00	206	0	0.00	172	1	0.01	208	0	0.00	204	0	0.00	170	0	0.00	214	0	0.00	186	0	0.00	170	0	0.00	206	0	0.00	198	0	0.00	122	0	0.00	198	0	0.00	214	0	0.00	204	0	0.00	128	0	0.00	216	0	0.00	5008	4	0.00	
8	128752489	rs574456265	G	A	198	0	0.00	192	0	0.00	198	0	0.00	192	0	0.00	182	0	0.00	188	0	0.00	226	0	0.00	210	0	0.00	198	0	0.00	208	1	0.00	206	0	0.00	172	0	0.00	208	0	0.00	204	0	0.00	170	0	0.00	214	0	0.00	186	0	0.00	170	0	0.00	206	0	0.00	198	0	0.00	122	0	0.00	198	0	0.00	214	0	0.00	204	0	0.00	128	0	0.00	216	0	0.00	5008	1	0.00	
8	128752502	rs141349735	A	G	198	0	0.00	192	0	0.00	198	0	0.00	192	0	0.00	182	0	0.00	188	0	0.00	226	0	0.00	210	0	0.00	198	0	0.00	208	0	0.00	206	0	0.00	172	0	0.00	208	0	0.00	204	0	0.00	170	0	0.00	214	0	0.00	186	0	0.00	170	0	0.00	206	0	0.00	198	3	0.02	122	0	0.00	198	0	0.00	214	0	0.00	204	0	0.00	128	0	0.00	216	0	0.00	5008	3	0.00	
8	128752505	rs539390724	TG	T	198	0	0.00	192	0	0.00	198	0	0.00	192	0	0.00	182	0	0.00	188	0	0.00	226	0	0.00	210	0	0.00	198	0	0.00	208	0	0.00	206	0	0.00	172	0	0.00	208	0	0.00	204	0	0.00	170	0	0.00	214	0	0.00	186	1	0.01	170	0	0.00	206	3	0.01	198	0	0.00	122	0	0.00	198	0	0.00	214	0	0.00	204	0	0.00	128	0	0.00	216	0	0.00	5008	4	0.00	
8	128752513	rs565091426	T	C	198	0	0.00	192	0	0.00	198	0	0.00	192	0	0.00	182	0	0.00	188	0	0.00	226	0	0.00	210	0	0.00	198	0	0.00	208	0	0.00	206	0	0.00	172	0	0.00	208	0	0.00	204	0	0.00	170	0	0.00	214	0	0.00	186	0	0.00	170	0	0.00	206	0	0.00	198	0	0.00	122	0	0.00	198	0	0.00	214	0	0.00	204	1	0.00	128	0	0.00	216	0	0.00	5008	1	0.00	
8	128752546	rs573053336	C	T	198	0	0.00	192	0	0.00	198	0	0.00	192	0	0.00	182	0	0.00	188	0	0.00	226	0	0.00	210	0	0.00	198	0	0.00	208	0	0.00	206	1	0.00	172	0	0.00	208	0	0.00	204	0	0.00	170	0	0.00	214	0	0.00	186	1	0.01	170	0	0.00	206	0	0.00	198	0	0.00	122	0	0.00	198	0	0.00	214	0	0.00	204	0	0.00	128	0	0.00	216	0	0.00	5008	2	0.00	
8	128752598	rs4645967	A	G	198	0	0.00	192	0	0.00	198	0	0.00	192	0	0.00	182	0	0.00	188	0	0.00	226	0	0.00	210	0	0.00	198	0	0.00	208	0	0.00	206	0	0.00	172	0	0.00	208	0	0.00	204	0	0.00	170	4	0.02	214	0	0.00	186	0	0.00	170	0	0.00	206	0	0.00	198	10	0.05	122	1	0.01	198	0	0.00	214	0	0.00	204	0	0.00	128	0	0.00	216	3	0.01	5008	18	0.00	
8	128752601	rs565094097	T	C	198	0	0.00	192	0	0.00	198	0	0.00	192	0	0.00	182	0	0.00	188	0	0.00	226	1	0.00	210	0	0.00	198	0	0.00	208	0	0.00	206	0	0.00	172	0	0.00	208	0	0.00	204	0	0.00	170	0	0.00	214	0	0.00	186	0	0.00	170	0	0.00	206	0	0.00	198	0	0.00	122	0	0.00	198	0	0.00	214	0	0.00	204	0	0.00	128	0	0.00	216	0	0.00	5008	1	0.00	
8	128752694	rs199809179	G	A	198	0	0.00	192	0	0.00	198	0	0.00	192	1	0.01	182	0	0.00	188	0	0.00	226	0	0.00	210	0	0.00	198	0	0.00	208	0	0.00	206	0	0.00	172	1	0.01	208	1	0.00	204	0	0.00	170	0	0.00	214	0	0.00	186	0	0.00	170	0	0.00	206	2	0.01	198	0	0.00	122	0	0.00	198	0	0.00	214	0	0.00	204	0	0.00	128	0	0.00	216	0	0.00	5008	5	0.00	
8	128752724	rs544642878	A	G	198	0	0.00	192	0	0.00	198	0	0.00	192	0	0.00	182	0	0.00	188	0	0.00	226	0	0.00	210	0	0.00	198	0	0.00	208	0	0.00	206	0	0.00	172	0	0.00	208	0	0.00	204	0	0.00	170	1	0.01	214	0	0.00	186	0	0.00	170	0	0.00	206	0	0.00	198	0	0.00	122	0	0.00	198	0	0.00	214	0	0.00	204	0	0.00	128	0	0.00	216	0	0.00	5008	1	0.00	
8	128752726	rs562953156	C	T	198	0	0.00	192	0	0.00	198	0	0.00	192	1	0.01	182	0	0.00	188	0	0.00	226	0	0.00	210	0	0.00	198	0	0.00	208	0	0.00	206	0	0.00	172	0	0.00	208	0	0.00	204	1	0.00	170	0	0.00	214	0	0.00	186	0	0.00	170	0	0.00	206	0	0.00	198	0	0.00	122	0	0.00	198	0	0.00	214	0	0.00	204	0	0.00	128	0	0.00	216	0	0.00	5008	2	0.00	
8	128752729	rs150629172	C	A	198	0	0.00	192	0	0.00	198	0	0.00	192	0	0.00	182	0	0.00	188	0	0.00	226	1	0.00	210	0	0.00	198	0	0.00	208	0	0.00	206	0	0.00	172	0	0.00	208	0	0.00	204	0	0.00	170	0	0.00	214	0	0.00	186	0	0.00	170	0	0.00	206	0	0.00	198	0	0.00	122	0	0.00	198	0	0.00	214	0	0.00	204	0	0.00	128	0	0.00	216	0	0.00	5008	1	0.00	
8	128752790	rs143550928	C	T	198	1	0.01	192	1	0.01	198	0	0.00	192	0	0.00	182	0	0.00	188	0	0.00	226	1	0.00	210	0	0.00	198	0	0.00	208	0	0.00	206	0	0.00	172	0	0.00	208	0	0.00	204	0	0.00	170	0	0.00	214	0	0.00	186	0	0.00	170	0	0.00	206	0	0.00	198	0	0.00	122	0	0.00	198	0	0.00	214	0	0.00	204	0	0.00	128	0	0.00	216	0	0.00	5008	3	0.00	
8	128752799	rs146971340	T	A	198	0	0.00	192	0	0.00	198	0	0.00	192	0	0.00	182	0	0.00	188	0	0.00	226	0	0.00	210	0	0.00	198	0	0.00	208	0	0.00	206	1	0.00	172	0	0.00	208	0	0.00	204	0	0.00	170	0	0.00	214	0	0.00	186	0	0.00	170	0	0.00	206	0	0.00	198	0	0.00	122	0	0.00	198	0	0.00	214	0	0.00	204	0	0.00	128	0	0.00	216	0	0.00	5008	1	0.00	
8	128752830	rs184271012	C	A	198	0	0.00	192	0	0.00	198	1	0.01	192	0	0.00	182	0	0.00	188	0	0.00	226	0	0.00	210	0	0.00	198	0	0.00	208	0	0.00	206	0	0.00	172	0	0.00	208	0	0.00	204	0	0.00	170	0	0.00	214	0	0.00	186	0	0.00	170	0	0.00	206	0	0.00	198	0	0.00	122	0	0.00	198	0	0.00	214	0	0.00	204	0	0.00	128	0	0.00	216	0	0.00	5008	1	0.00	
8	128752863	rs552851405	T	C	198	0	0.00	192	0	0.00	198	0	0.00	192	0	0.00	182	0	0.00	188	0	0.00	226	0	0.00	210	0	0.00	198	0	0.00	208	0	0.00	206	0	0.00	172	0	0.00	208	0	0.00	204	0	0.00	170	0	0.00	214	0	0.00	186	2	0.01	170	0	0.00	206	0	0.00	198	0	0.00	122	0	0.00	198	0	0.00	214	0	0.00	204	0	0.00	128	0	0.00	216	0	0.00	5008	2	0.00	
8	128752924	rs200431478	C	T	198	0	0.00	192	0	0.00	198	0	0.00	192	3	0.02	182	0	0.00	188	0	0.00	226	0	0.00	210	0	0.00	198	0	0.00	208	0	0.00	206	0	0.00	172	1	0.01	208	0	0.00	204	1	0.00	170	0	0.00	214	0	0.00	186	0	0.00	170	0	0.00	206	0	0.00	198	0	0.00	122	0	0.00	198	0	0.00	214	0	0.00	204	1	0.00	128	0	0.00	216	0	0.00	5008	6	0.00	
8	128752937	rs538226450	G	A	198	0	0.00	192	0	0.00	198	0	0.00	192	0	0.00	182	0	0.00	188	0	0.00	226	0	0.00	210	0	0.00	198	0	0.00	208	0	0.00	206	0	0.00	172	0	0.00	208	0	0.00	204	0	0.00	170	0	0.00	214	0	0.00	186	0	0.00	170	1	0.01	206	0	0.00	198	0	0.00	122	0	0.00	198	0	0.00	214	0	0.00	204	0	0.00	128	0	0.00	216	0	0.00	5008	1	0.00	
8	128752988	rs188286537	C	T	198	0	0.00	192	0	0.00	198	0	0.00	192	0	0.00	182	0	0.00	188	0	0.00	226	0	0.00	210	0	0.00	198	0	0.00	208	0	0.00	206	0	0.00	172	0	0.00	208	0	0.00	204	0	0.00	170	0	0.00	214	0	0.00	186	0	0.00	170	0	0.00	206	0	0.00	198	1	0.01	122	0	0.00	198	0	0.00	214	0	0.00	204	0	0.00	128	0	0.00	216	0	0.00	5008	1	0.00	
8	128753196	rs201337668	T	G	198	0	0.00	192	0	0.00	198	0	0.00	192	0	0.00	182	0	0.00	188	0	0.00	226	0	0.00	210	1	0.00	198	0	0.00	208	0	0.00	206	0	0.00	172	0	0.00	208	0	0.00	204	0	0.00	170	0	0.00	214	0	0.00	186	0	0.00	170	0	0.00	206	0	0.00	198	0	0.00	122	0	0.00	198	0	0.00	214	0	0.00	204	0	0.00	128	0	0.00	216	0	0.00	5008	1	0.00	
8	128753197	rs536396530	G	T	198	0	0.00	192	0	0.00	198	0	0.00	192	0	0.00	182	0	0.00	188	0	0.00	226	0	0.00	210	0	0.00	198	0	0.00	208	0	0.00	206	0	0.00	172	0	0.00	208	0	0.00	204	0	0.00	170	0	0.00	214	0	0.00	186	0	0.00	170	0	0.00	206	1	0.00	198	0	0.00	122	0	0.00	198	0	0.00	214	0	0.00	204	0	0.00	128	0	0.00	216	0	0.00	5008	1	0.00	
8	128753244	rs181048497	C	G	198	0	0.00	192	0	0.00	198	0	0.00	192	0	0.00	182	0	0.00	188	0	0.00	226	0	0.00	210	2	0.01	198	1	0.01	208	0	0.00	206	1	0.00	172	0	0.00	208	2	0.01	204	0	0.00	170	0	0.00	214	0	0.00	186	0	0.00	170	0	0.00	206	0	0.00	198	0	0.00	122	0	0.00	198	0	0.00	214	0	0.00	204	0	0.00	128	0	0.00	216	0	0.00	5008	6	0.00	
8	128753248	rs35524866	G	A	198	6	0.03	192	3	0.02	198	0	0.00	192	0	0.00	182	0	0.00	188	0	0.00	226	2	0.01	210	0	0.00	198	0	0.00	208	0	0.00	206	0	0.00	172	0	0.00	208	0	0.00	204	0	0.00	170	6	0.04	214	2	0.01	186	0	0.00	170	0	0.00	206	0	0.00	198	4	0.02	122	2	0.02	198	2	0.01	214	0	0.00	204	0	0.00	128	0	0.00	216	8	0.04	5008	35	0.01	
8	128753250	rs200570465	A	C	198	0	0.00	192	0	0.00	198	0	0.00	192	0	0.00	182	0	0.00	188	1	0.01	226	0	0.00	210	0	0.00	198	0	0.00	208	0	0.00	206	0	0.00	172	0	0.00	208	0	0.00	204	0	0.00	170	0	0.00	214	0	0.00	186	0	0.00	170	0	0.00	206	0	0.00	198	0	0.00	122	0	0.00	198	0	0.00	214	0	0.00	204	0	0.00	128	0	0.00	216	0	0.00	5008	1	0.00	
8	128753254	rs2070583	A	G	198	1	0.01	192	7	0.04	198	0	0.00	192	16	0.08	182	4	0.02	188	17	0.09	226	3	0.01	210	35	0.17	198	30	0.15	208	6	0.03	206	33	0.16	172	15	0.09	208	26	0.12	204	20	0.10	170	8	0.05	214	3	0.01	186	22	0.12	170	9	0.05	206	25	0.12	198	8	0.04	122	1	0.01	198	6	0.03	214	5	0.02	204	29	0.14	128	9	0.07	216	0	0.00	5008	338	0.07	
8	128753298	rs149534345	A	G	198	0	0.00	192	0	0.00	198	5	0.03	192	0	0.00	182	3	0.02	188	0	0.00	226	0	0.00	210	0	0.00	198	0	0.00	208	2	0.01	206	0	0.00	172	0	0.00	208	0	0.00	204	1	0.00	170	0	0.00	214	2	0.01	186	0	0.00	170	0	0.00	206	0	0.00	198	0	0.00	122	0	0.00	198	3	0.02	214	2	0.01	204	0	0.00	128	0	0.00	216	0	0.00	5008	18	0.00	
8	128753310	rs544605712	T	C	198	0	0.00	192	0	0.00	198	0	0.00	192	0	0.00	182	0	0.00	188	0	0.00	226	0	0.00	210	0	0.00	198	0	0.00	208	0	0.00	206	0	0.00	172	0	0.00	208	0	0.00	204	0	0.00	170	0	0.00	214	0	0.00	186	0	0.00	170	0	0.00	206	1	0.00	198	0	0.00	122	0	0.00	198	0	0.00	214	0	0.00	204	0	0.00	128	0	0.00	216	0	0.00	5008	1	0.00	
8	128753331	rs185650723	C	T	198	0	0.00	192	0	0.00	198	0	0.00	192	0	0.00	182	0	0.00	188	0	0.00	226	0	0.00	210	0	0.00	198	0	0.00	208	0	0.00	206	1	0.00	172	0	0.00	208	0	0.00	204	0	0.00	170	0	0.00	214	0	0.00	186	0	0.00	170	0	0.00	206	0	0.00	198	0	0.00	122	0	0.00	198	0	0.00	214	0	0.00	204	0	0.00	128	0	0.00	216	0	0.00	5008	1	0.00	
8	128753333	rs4645970	A	G	198	1	0.01	192	0	0.00	198	0	0.00	192	0	0.00	182	0	0.00	188	0	0.00	226	1	0.00	210	0	0.00	198	0	0.00	208	0	0.00	206	0	0.00	172	0	0.00	208	0	0.00	204	0	0.00	170	0	0.00	214	0	0.00	186	0	0.00	170	1	0.01	206	0	0.00	198	0	0.00	122	1	0.01	198	0	0.00	214	0	0.00	204	0	0.00	128	0	0.00	216	0	0.00	5008	4	0.00	
8	128753347	rs542316783	C	A	198	0	0.00	192	0	0.00	198	0	0.00	192	0	0.00	182	1	0.01	188	0	0.00	226	0	0.00	210	0	0.00	198	0	0.00	208	0	0.00	206	0	0.00	172	0	0.00	208	0	0.00	204	0	0.00	170	0	0.00	214	0	0.00	186	0	0.00	170	0	0.00	206	0	0.00	198	0	0.00	122	0	0.00	198	0	0.00	214	0	0.00	204	0	0.00	128	0	0.00	216	0	0.00	5008	1	0.00	
8	128753408	rs560444505	A	G	198	0	0.00	192	0	0.00	198	0	0.00	192	0	0.00	182	0	0.00	188	0	0.00	226	0	0.00	210	0	0.00	198	0	0.00	208	0	0.00	206	1	0.00	172	0	0.00	208	0	0.00	204	0	0.00	170	0	0.00	214	0	0.00	186	0	0.00	170	0	0.00	206	0	0.00	198	0	0.00	122	0	0.00	198	0	0.00	214	0	0.00	204	0	0.00	128	0	0.00	216	0	0.00	5008	1	0.00	
8	128753457	rs143895359	A	C	198	0	0.00	192	0	0.00	198	0	0.00	192	0	0.00	182	0	0.00	188	0	0.00	226	0	0.00	210	0	0.00	198	0	0.00	208	0	0.00	206	0	0.00	172	0	0.00	208	0	0.00	204	0	0.00	170	0	0.00	214	0	0.00	186	0	0.00	170	0	0.00	206	0	0.00	198	0	0.00	122	1	0.01	198	0	0.00	214	0	0.00	204	0	0.00	128	0	0.00	216	1	0.00	5008	2	0.00	
8	128753507	rs552525496	G	C	198	0	0.00	192	0	0.00	198	0	0.00	192	0	0.00	182	0	0.00	188	0	0.00	226	0	0.00	210	0	0.00	198	1	0.01	208	0	0.00	206	0	0.00	172	0	0.00	208	0	0.00	204	0	0.00	170	0	0.00	214	0	0.00	186	0	0.00	170	0	0.00	206	0	0.00	198	0	0.00	122	0	0.00	198	0	0.00	214	0	0.00	204	0	0.00	128	0	0.00	216	0	0.00	5008	1	0.00	
8	128753524	rs564425416	A	G	198	0	0.00	192	0	0.00	198	0	0.00	192	0	0.00	182	0	0.00	188	0	0.00	226	1	0.00	210	0	0.00	198	0	0.00	208	0	0.00	206	0	0.00	172	0	0.00	208	0	0.00	204	0	0.00	170	0	0.00	214	0	0.00	186	0	0.00	170	0	0.00	206	0	0.00	198	0	0.00	122	0	0.00	198	0	0.00	214	0	0.00	204	0	0.00	128	0	0.00	216	0	0.00	5008	1	0.00	
8	128753541	rs190322311	A	G	198	0	0.00	192	0	0.00	198	0	0.00	192	0	0.00	182	0	0.00	188	0	0.00	226	0	0.00	210	1	0.00	198	0	0.00	208	0	0.00	206	0	0.00	172	0	0.00	208	0	0.00	204	0	0.00	170	0	0.00	214	0	0.00	186	0	0.00	170	0	0.00	206	0	0.00	198	0	0.00	122	0	0.00	198	0	0.00	214	0	0.00	204	0	0.00	128	0	0.00	216	0	0.00	5008	1	0.00	
8	128753595	rs550160158	C	T	198	0	0.00	192	0	0.00	198	0	0.00	192	0	0.00	182	0	0.00	188	0	0.00	226	0	0.00	210	0	0.00	198	0	0.00	208	0	0.00	206	0	0.00	172	0	0.00	208	0	0.00	204	1	0.00	170	0	0.00	214	0	0.00	186	0	0.00	170	0	0.00	206	0	0.00	198	0	0.00	122	0	0.00	198	0	0.00	214	0	0.00	204	0	0.00	128	0	0.00	216	0	0.00	5008	1	0.00	
8	128753611	rs568518631	G	A	198	0	0.00	192	0	0.00	198	0	0.00	192	0	0.00	182	0	0.00	188	0	0.00	226	0	0.00	210	1	0.00	198	0	0.00	208	0	0.00	206	0	0.00	172	0	0.00	208	0	0.00	204	0	0.00	170	0	0.00	214	0	0.00	186	0	0.00	170	0	0.00	206	0	0.00	198	0	0.00	122	0	0.00	198	0	0.00	214	0	0.00	204	0	0.00	128	0	0.00	216	0	0.00	5008	1	0.00	
8	128753623	rs535929859	C	T	198	0	0.00	192	0	0.00	198	0	0.00	192	0	0.00	182	0	0.00	188	0	0.00	226	0	0.00	210	0	0.00	198	0	0.00	208	0	0.00	206	2	0.01	172	0	0.00	208	3	0.01	204	0	0.00	170	0	0.00	214	0	0.00	186	0	0.00	170	0	0.00	206	0	0.00	198	2	0.01	122	0	0.00	198	1	0.01	214	0	0.00	204	0	0.00	128	1	0.01	216	3	0.01	5008	12	0.00	
